ts,arm,family,template,item_id,rep,temperature,n_attempts,n_conv_attempts,lat_total_ms,conv_lat_ms,score,gate_pass,f0_ok,v_in,v_out,f_tok,r_in,r_out,k_in,k_out,k_rin,k_rout,f_conv_tok,f_exec_tok,doc_valid,kerr_flag,conv_errors,detail,final_error,transport_fail,raw_path,rerun
2026-08-25T05:24:16,NL-opt,CP,CP-01,CP-01-00,0,0.7,1,0,71826,0,0.0,False,True,314,2048,449,0,0,0,0,0,0,0,449,True,False,,"{""hard_violations"": 9, ""h1_dur_a"": false, ""h2_projector_a"": false, ""h3_capacity"": false, ""h4_lunch"": false, ""h5_org_buffer"": false, ""h6_avail_b"": false, ""h7_precedence_d"": false, ""h8_grid"": false, ""h9_complete"": false, ""s1_quiet_c"": false}",,False,experiments/results/E1/raw_outputs/NL-opt/CP/CP-01-00_r0.json,0
2026-08-25T05:24:29,NL-opt,CP,CP-01,CP-01-02,0,0.7,1,0,87840,0,0.0,False,True,314,2048,449,0,0,0,0,0,0,0,449,True,False,,"{""hard_violations"": 9, ""h1_dur_a"": false, ""h2_projector_a"": false, ""h3_capacity"": false, ""h4_lunch"": false, ""h5_org_buffer"": false, ""h6_avail_b"": false, ""h7_precedence_d"": false, ""h8_grid"": false, ""h9_complete"": false, ""s1_quiet_c"": false}",,False,experiments/results/E1/raw_outputs/NL-opt/CP/CP-01-02_r0.json,0
2026-08-25T05:25:44,JSON,CP,CP-01,CP-01-02,0,0.7,1,0,65559,0,1.0,True,True,307,1839,389,0,0,0,0,0,0,0,389,True,False,,"{""hard_violations"": 0, ""h1_dur_a"": true, ""h2_projector_a"": true, ""h3_capacity"": true, ""h4_lunch"": true, ""h5_org_buffer"": true, ""h6_avail_b"": true, ""h7_precedence_d"": true, ""h8_grid"": true, ""h9_complete"": true, ""s1_quiet_c"": true}",,False,experiments/results/E1/raw_outputs/JSON/CP/CP-01-02_r0.json,0
2026-08-25T05:26:05,CSIR-SIR,CP,CP-01,CP-01-00,0,0.7,4,3,35392,147103,0.0,False,False,178,443,295,0,0,1692,2048,3440,4096,1368,295,False,True,json:no JSON object found,"{""checker_exception"": ""TypeError(\""unsupported operand type(s) for -: 'NoneType' and 'int'\"")""}",,False,experiments/results/E1/raw_outputs/CSIR-SIR/CP/CP-01-00_r0.json,0
2026-08-25T05:27:57,NL-opt,CP,CP-01,CP-01-04,0,0.7,1,0,108297,0,0.0,False,True,314,2048,449,0,0,0,0,0,0,0,449,True,False,,"{""hard_violations"": 9, ""h1_dur_a"": false, ""h2_projector_a"": false, ""h3_capacity"": false, ""h4_lunch"": false, ""h5_org_buffer"": false, ""h6_avail_b"": false, ""h7_precedence_d"": false, ""h8_grid"": false, ""h9_complete"": false, ""s1_quiet_c"": false}",,False,experiments/results/E1/raw_outputs/NL-opt/CP/CP-01-04_r0.json,0
2026-08-25T05:28:29,CSIR-SIR,CP,CP-01,CP-01-02,0,0.7,4,3,22170,195668,0.0,False,True,178,514,295,0,0,1692,2048,3440,4096,1368,295,False,True,json:no JSON object found,"{""hard_violations"": 9, ""h1_dur_a"": false, ""h2_projector_a"": false, ""h3_capacity"": false, ""h4_lunch"": false, ""h5_org_buffer"": false, ""h6_avail_b"": false, ""h7_precedence_d"": false, ""h8_grid"": false, ""h9_complete"": false, ""s1_quiet_c"": false}",,False,experiments/results/E1/raw_outputs/CSIR-SIR/CP/CP-01-02_r0.json,0
2026-08-25T05:28:32,JSON,CP,CP-01,CP-01-00,0,0.7,3,0,261412,0,0.0,False,False,307,2048,389,1446,4096,0,0,0,0,0,389,True,False,,{},parse: no JSON object found,False,experiments/results/E1/raw_outputs/JSON/CP/CP-01-00_r0.json,0
2026-08-25T05:29:46,NL-opt,CP,CP-01,CP-01-06,0,0.7,1,0,77593,0,0.0,False,True,314,2048,449,0,0,0,0,0,0,0,449,True,False,,"{""hard_violations"": 9, ""h1_dur_a"": false, ""h2_projector_a"": false, ""h3_capacity"": false, ""h4_lunch"": false, ""h5_org_buffer"": false, ""h6_avail_b"": false, ""h7_precedence_d"": false, ""h8_grid"": false, ""h9_complete"": false, ""s1_quiet_c"": false}",,False,experiments/results/E1/raw_outputs/NL-opt/CP/CP-01-06_r0.json,0
2026-08-25T05:29:48,JSON,CP,CP-01,CP-01-06,0,0.7,1,0,75284,0,1.0,True,True,307,2026,389,0,0,0,0,0,0,0,389,True,False,,"{""hard_violations"": 0, ""h1_dur_a"": true, ""h2_projector_a"": true, ""h3_capacity"": true, ""h4_lunch"": true, ""h5_org_buffer"": true, ""h6_avail_b"": true, ""h7_precedence_d"": true, ""h8_grid"": true, ""h9_complete"": true, ""s1_quiet_c"": true}",,False,experiments/results/E1/raw_outputs/JSON/CP/CP-01-06_r0.json,0
2026-08-25T05:31:14,JSON,CP,CP-01,CP-01-04,0,0.7,3,0,286252,0,0.0,False,False,307,2048,389,1446,4096,0,0,0,0,0,389,True,False,,{},parse: no JSON object found,False,experiments/results/E1/raw_outputs/JSON/CP/CP-01-04_r0.json,0
2026-08-25T05:31:30,NL-opt,CP,CP-02,CP-02-00,0,0.7,1,0,59890,0,0.0,False,True,306,2048,449,0,0,0,0,0,0,0,449,True,False,,"{""hard_violations"": 5, ""h1_skills"": false, ""h2_coverage"": false, ""h3_caps"": false, ""h4_t1_before_t3"": false, ""h5_t4_restriction"": false, ""s1_t2_early"": false, ""s2_balance"": false, ""s3_low_switching"": false}",,False,experiments/results/E1/raw_outputs/NL-opt/CP/CP-02-00_r0.json,0
2026-08-25T05:31:35,CSIR-SIR,CP,CP-01,CP-01-04,0,0.7,4,3,17592,178403,0.0,False,False,178,489,295,0,0,1692,2048,3440,4096,1368,295,False,True,json:no JSON object found,"{""checker_exception"": ""AttributeError(\""'str' object has no attribute 'get'\"")""}",,False,experiments/results/E1/raw_outputs/CSIR-SIR/CP/CP-01-04_r0.json,0
2026-08-25T05:32:05,JSON,CP,CP-02,CP-02-00,0,0.7,1,0,50104,0,0.875,True,True,299,1495,389,0,0,0,0,0,0,0,389,True,False,,"{""hard_violations"": 0, ""h1_skills"": true, ""h2_coverage"": true, ""h3_caps"": true, ""h4_t1_before_t3"": true, ""h5_t4_restriction"": true, ""s1_t2_early"": true, ""s2_balance"": false, ""s3_low_switching"": true}",,False,experiments/results/E1/raw_outputs/JSON/CP/CP-02-00_r0.json,0
2026-08-25T05:32:37,NL-opt,CP,CP-02,CP-02-02,0,0.7,1,0,61282,0,0.0,False,True,306,2048,449,0,0,0,0,0,0,0,449,True,False,,"{""hard_violations"": 5, ""h1_skills"": false, ""h2_coverage"": false, ""h3_caps"": false, ""h4_t1_before_t3"": false, ""h5_t4_restriction"": false, ""s1_t2_early"": false, ""s2_balance"": false, ""s3_low_switching"": false}",,False,experiments/results/E1/raw_outputs/NL-opt/CP/CP-02-02_r0.json,0
2026-08-25T05:33:08,CSIR-SIR,CP,CP-01,CP-01-06,0,0.7,4,3,20704,137874,0.0,False,True,178,682,295,0,0,1692,2048,3440,4096,1368,295,False,True,json:no JSON object found,"{""hard_violations"": 9, ""h1_dur_a"": false, ""h2_projector_a"": false, ""h3_capacity"": false, ""h4_lunch"": false, ""h5_org_buffer"": false, ""h6_avail_b"": false, ""h7_precedence_d"": false, ""h8_grid"": false, ""h9_complete"": false, ""s1_quiet_c"": false}",,False,experiments/results/E1/raw_outputs/CSIR-SIR/CP/CP-01-06_r0.json,0
2026-08-25T05:34:43,CSIR-SIR,CP,CP-02,CP-02-00,0,0.7,4,3,7858,140613,0.0,False,True,156,198,295,0,0,1684,2048,3424,4096,1368,295,False,True,json:no JSON object found,"{""hard_violations"": 5, ""h1_skills"": false, ""h2_coverage"": false, ""h3_caps"": false, ""h4_t1_before_t3"": false, ""h5_t4_restriction"": false, ""s1_t2_early"": false, ""s2_balance"": false, ""s3_low_switching"": false}",,False,experiments/results/E1/raw_outputs/CSIR-SIR/CP/CP-02-00_r0.json,0
2026-08-25T05:34:45,NL-opt,CP,CP-02,CP-02-04,0,0.7,1,0,75921,0,0.0,False,True,306,2048,449,0,0,0,0,0,0,0,449,True,False,,"{""hard_violations"": 5, ""h1_skills"": false, ""h2_coverage"": false, ""h3_caps"": false, ""h4_t1_before_t3"": false, ""h5_t4_restriction"": false, ""s1_t2_early"": false, ""s2_balance"": false, ""s3_low_switching"": false}",,False,experiments/results/E1/raw_outputs/NL-opt/CP/CP-02-04_r0.json,0
2026-08-25T05:36:10,JSON,CP,CP-02,CP-02-02,0,0.7,3,0,201455,0,0.0,False,False,299,2048,389,1430,4096,0,0,0,0,0,389,True,False,,{},parse: no JSON object found,False,experiments/results/E1/raw_outputs/JSON/CP/CP-02-02_r0.json,0
2026-08-25T05:37:13,NL-opt,CP,CP-02,CP-02-06,0,0.7,1,0,62670,0,0.0,False,True,306,2048,449,0,0,0,0,0,0,0,449,True,False,,"{""hard_violations"": 5, ""h1_skills"": false, ""h2_coverage"": false, ""h3_caps"": false, ""h4_t1_before_t3"": false, ""h5_t4_restriction"": false, ""s1_t2_early"": false, ""s2_balance"": false, ""s3_low_switching"": false}",,False,experiments/results/E1/raw_outputs/NL-opt/CP/CP-02-06_r0.json,0
2026-08-25T05:38:02,JSON,CP,CP-02,CP-02-06,0,0.7,1,0,48965,0,1.0,True,True,299,1467,389,0,0,0,0,0,0,0,389,True,False,,"{""hard_violations"": 0, ""h1_skills"": true, ""h2_coverage"": true, ""h3_caps"": true, ""h4_t1_before_t3"": true, ""h5_t4_restriction"": true, ""s1_t2_early"": true, ""s2_balance"": true, ""s3_low_switching"": true}",,False,experiments/results/E1/raw_outputs/JSON/CP/CP-02-06_r0.json,0
2026-08-25T05:38:46,CSIR-SIR,CP,CP-02,CP-02-02,0,0.7,4,3,16116,138291,0.0,False,True,156,417,295,0,0,1684,2048,3424,4096,1368,295,False,True,json:no JSON object found,"{""hard_violations"": 5, ""h1_skills"": false, ""h2_coverage"": false, ""h3_caps"": false, ""h4_t1_before_t3"": false, ""h5_t4_restriction"": false, ""s1_t2_early"": false, ""s2_balance"": false, ""s3_low_switching"": false}",,False,experiments/results/E1/raw_outputs/CSIR-SIR/CP/CP-02-02_r0.json,0
2026-08-25T05:38:56,CSIR-SIR,CP,CP-02,CP-02-04,0,0.7,4,3,8817,154948,0.0,False,False,156,219,295,0,0,1684,2048,3424,4096,1368,295,False,True,json:no JSON object found,"{""checker_exception"": ""AttributeError(\""'str' object has no attribute 'items'\"")""}",,False,experiments/results/E1/raw_outputs/CSIR-SIR/CP/CP-02-04_r0.json,0
2026-08-25T05:39:18,JSON,CP,CP-03,CP-03-00,0,0.7,1,0,21888,0,0.8571,False,True,238,728,389,0,0,0,0,0,0,0,389,True,False,,"{""hard_violations"": 1, ""h1_branch_first"": true, ""h2_dry_before_tag"": true, ""h3_retry_bound"": false, ""h4_notes_after_tag"": true, ""h5_announce_after_playbook"": true, ""h6_legal_conditional"": true, ""h7_tag_gate"": true}",,False,experiments/results/E1/raw_outputs/JSON/CP/CP-03-00_r0.json,0
2026-08-25T05:39:20,JSON,CP,CP-02,CP-02-04,0,0.7,3,0,234383,0,0.875,True,True,299,2048,389,1430,3664,0,0,0,0,0,389,True,False,,"{""hard_violations"": 0, ""h1_skills"": true, ""h2_coverage"": true, ""h3_caps"": true, ""h4_t1_before_t3"": true, ""h5_t4_restriction"": true, ""s1_t2_early"": true, ""s2_balance"": false, ""s3_low_switching"": true}",,False,experiments/results/E1/raw_outputs/JSON/CP/CP-02-04_r0.json,0
2026-08-25T05:40:29,NL-opt,CP,CP-03,CP-03-00,0,0.7,1,0,60218,0,0.4286,False,True,245,2048,449,0,0,0,0,0,0,0,449,True,False,,"{""hard_violations"": 4, ""h1_branch_first"": false, ""h2_dry_before_tag"": false, ""h3_retry_bound"": true, ""h4_notes_after_tag"": false, ""h5_announce_after_playbook"": true, ""h6_legal_conditional"": true, ""h7_tag_gate"": false}",,False,experiments/results/E1/raw_outputs/NL-opt/CP/CP-03-00_r0.json,0
2026-08-25T05:40:55,JSON,CP,CP-03,CP-03-02,0,0.7,1,0,26565,0,1.0,True,True,238,938,389,0,0,0,0,0,0,0,389,True,False,,"{""hard_violations"": 0, ""h1_branch_first"": true, ""h2_dry_before_tag"": true, ""h3_retry_bound"": true, ""h4_notes_after_tag"": true, ""h5_announce_after_playbook"": true, ""h6_legal_conditional"": true, ""h7_tag_gate"": true}",,False,experiments/results/E1/raw_outputs/JSON/CP/CP-03-02_r0.json,0
2026-08-25T05:41:13,CSIR-SIR,CP,CP-02,CP-02-06,0,0.7,4,3,14732,133575,0.0,False,True,156,346,295,0,0,1684,2048,3424,4096,1368,295,False,True,json:no JSON object found,"{""hard_violations"": 5, ""h1_skills"": false, ""h2_coverage"": false, ""h3_caps"": false, ""h4_t1_before_t3"": false, ""h5_t4_restriction"": false, ""s1_t2_early"": false, ""s2_balance"": false, ""s3_low_switching"": false}",,False,experiments/results/E1/raw_outputs/CSIR-SIR/CP/CP-02-06_r0.json,0
2026-08-25T05:41:25,NL-opt,CP,CP-03,CP-03-02,0,0.7,1,0,61149,0,0.4286,False,True,245,2048,449,0,0,0,0,0,0,0,449,True,False,,"{""hard_violations"": 4, ""h1_branch_first"": false, ""h2_dry_before_tag"": false, ""h3_retry_bound"": true, ""h4_notes_after_tag"": false, ""h5_announce_after_playbook"": true, ""h6_legal_conditional"": true, ""h7_tag_gate"": false}",,False,experiments/results/E1/raw_outputs/NL-opt/CP/CP-03-02_r0.json,0
2026-08-25T05:41:42,JSON,CP,CP-03,CP-03-04,0,0.7,1,0,16358,0,1.0,True,True,238,531,389,0,0,0,0,0,0,0,389,True,False,,"{""hard_violations"": 0, ""h1_branch_first"": true, ""h2_dry_before_tag"": true, ""h3_retry_bound"": true, ""h4_notes_after_tag"": true, ""h5_announce_after_playbook"": true, ""h6_legal_conditional"": true, ""h7_tag_gate"": true}",,False,experiments/results/E1/raw_outputs/JSON/CP/CP-03-04_r0.json,0
2026-08-25T05:42:28,NL-opt,CP,CP-03,CP-03-04,0,0.7,1,0,74357,0,0.4286,False,True,245,2048,449,0,0,0,0,0,0,0,449,True,False,,"{""hard_violations"": 4, ""h1_branch_first"": false, ""h2_dry_before_tag"": false, ""h3_retry_bound"": true, ""h4_notes_after_tag"": false, ""h5_announce_after_playbook"": true, ""h6_legal_conditional"": true, ""h7_tag_gate"": false}",,False,experiments/results/E1/raw_outputs/NL-opt/CP/CP-03-04_r0.json,0
2026-08-25T05:43:01,CSIR-SIR,CP,CP-03,CP-03-00,0,0.7,4,3,13230,144942,0.4286,False,True,155,375,295,0,0,1623,2048,3302,4096,1368,295,False,True,json:no JSON object found,"{""hard_violations"": 4, ""h1_branch_first"": false, ""h2_dry_before_tag"": false, ""h3_retry_bound"": true, ""h4_notes_after_tag"": false, ""h5_announce_after_playbook"": true, ""h6_legal_conditional"": true, ""h7_tag_gate"": false}",,False,experiments/results/E1/raw_outputs/CSIR-SIR/CP/CP-03-00_r0.json,0
2026-08-25T05:43:20,CSIR-SIR,CP,CP-03,CP-03-02,0,0.7,4,3,16918,127685,0.4286,False,True,155,423,295,0,0,1623,2048,3302,4096,1368,295,False,True,json:no JSON object found,"{""hard_violations"": 4, ""h1_branch_first"": false, ""h2_dry_before_tag"": false, ""h3_retry_bound"": true, ""h4_notes_after_tag"": false, ""h5_announce_after_playbook"": true, ""h6_legal_conditional"": true, ""h7_tag_gate"": false}",,False,experiments/results/E1/raw_outputs/CSIR-SIR/CP/CP-03-02_r0.json,0
2026-08-25T05:43:37,JSON,CP,CP-03,CP-03-06,0,0.7,1,0,14777,0,0.8571,False,True,238,601,389,0,0,0,0,0,0,0,389,True,False,,"{""hard_violations"": 1, ""h1_branch_first"": true, ""h2_dry_before_tag"": true, ""h3_retry_bound"": false, ""h4_notes_after_tag"": true, ""h5_announce_after_playbook"": true, ""h6_legal_conditional"": true, ""h7_tag_gate"": true}",,False,experiments/results/E1/raw_outputs/JSON/CP/CP-03-06_r0.json,0
2026-08-25T05:43:58,NL-opt,CP,CP-03,CP-03-06,0,0.7,1,0,67244,0,0.4286,False,True,245,2048,449,0,0,0,0,0,0,0,449,True,False,,"{""hard_violations"": 4, ""h1_branch_first"": false, ""h2_dry_before_tag"": false, ""h3_retry_bound"": true, ""h4_notes_after_tag"": false, ""h5_announce_after_playbook"": true, ""h6_legal_conditional"": true, ""h7_tag_gate"": false}",,False,experiments/results/E1/raw_outputs/NL-opt/CP/CP-03-06_r0.json,0
2026-08-25T05:44:19,NL-opt,CP,CP-04,CP-04-00,0,0.7,1,0,41517,0,1.0,True,True,245,1050,449,0,0,0,0,0,0,0,449,True,False,,"{""hard_violations"": 0, ""h1_all_seated_once"": true, ""h2_host_seat1"": true, ""h3_not_adj_AB"": true, ""h4_not_adj_CD"": true, ""h5_adj_EF"": true, ""s1_GH_pref"": true}",,False,experiments/results/E1/raw_outputs/NL-opt/CP/CP-04-00_r0.json,0
2026-08-25T05:44:19,CSIR-SIR,CP,CP-03,CP-03-04,0,0.7,4,3,10420,123950,0.4286,False,True,155,229,295,0,0,1623,2048,3302,4096,1368,295,False,True,json:no JSON object found,"{""hard_violations"": 4, ""h1_branch_first"": false, ""h2_dry_before_tag"": false, ""h3_retry_bound"": true, ""h4_notes_after_tag"": false, ""h5_announce_after_playbook"": true, ""h6_legal_conditional"": true, ""h7_tag_gate"": false}",,False,experiments/results/E1/raw_outputs/CSIR-SIR/CP/CP-03-04_r0.json,0
2026-08-25T05:44:28,JSON,CP,CP-04,CP-04-00,0,0.7,1,0,29547,0,1.0,True,True,238,732,389,0,0,0,0,0,0,0,389,True,False,,"{""hard_violations"": 0, ""h1_all_seated_once"": true, ""h2_host_seat1"": true, ""h3_not_adj_AB"": true, ""h4_not_adj_CD"": true, ""h5_adj_EF"": true, ""s1_GH_pref"": true}",,False,experiments/results/E1/raw_outputs/JSON/CP/CP-04-00_r0.json,0
2026-08-25T05:45:08,JSON,CP,CP-04,CP-04-02,0,0.7,1,0,19051,0,1.0,True,True,223,619,389,0,0,0,0,0,0,0,389,True,False,,"{""hard_violations"": 0, ""h1_all_seated_once"": true, ""h2_host_seat1"": true, ""h3_not_adj_AB"": true, ""h4_not_adj_CD"": true, ""h5_adj_EF"": true}",,False,experiments/results/E1/raw_outputs/JSON/CP/CP-04-02_r0.json,0
2026-08-25T05:45:38,NL-opt,CP,CP-04,CP-04-02,0,0.7,1,0,77641,0,0.0,False,True,230,2048,449,0,0,0,0,0,0,0,449,True,False,,"{""hard_violations"": 5, ""h1_all_seated_once"": false, ""h2_host_seat1"": false, ""h3_not_adj_AB"": false, ""h4_not_adj_CD"": false, ""h5_adj_EF"": false}",,False,experiments/results/E1/raw_outputs/NL-opt/CP/CP-04-02_r0.json,0
2026-08-25T05:45:55,CSIR-SIR,CP,CP-03,CP-03-06,0,0.7,4,3,12056,142803,0.4286,False,True,155,325,295,0,0,1623,2048,3302,4096,1368,295,False,True,json:no JSON object found,"{""hard_violations"": 4, ""h1_branch_first"": false, ""h2_dry_before_tag"": false, ""h3_retry_bound"": true, ""h4_notes_after_tag"": false, ""h5_announce_after_playbook"": true, ""h6_legal_conditional"": true, ""h7_tag_gate"": false}",,False,experiments/results/E1/raw_outputs/CSIR-SIR/CP/CP-03-06_r0.json,0
2026-08-25T05:46:04,NL-opt,CP,CP-04,CP-04-04,0,0.7,1,0,25799,0,1.0,True,True,232,541,449,0,0,0,0,0,0,0,449,True,False,,"{""hard_violations"": 0, ""h1_all_seated_once"": true, ""h2_host_seat1"": true, ""h3_not_adj_AB"": true, ""h4_not_adj_CD"": true, ""h5_adj_EF"": true}",,False,experiments/results/E1/raw_outputs/NL-opt/CP/CP-04-04_r0.json,0
2026-08-25T05:46:16,JSON,CP,CP-04,CP-04-04,0,0.7,1,0,20682,0,1.0,True,True,225,769,389,0,0,0,0,0,0,0,389,True,False,,"{""hard_violations"": 0, ""h1_all_seated_once"": true, ""h2_host_seat1"": true, ""h3_not_adj_AB"": true, ""h4_not_adj_CD"": true, ""h5_adj_EF"": true}",,False,experiments/results/E1/raw_outputs/JSON/CP/CP-04-04_r0.json,0
2026-08-25T05:46:55,NL-opt,CP,CP-04,CP-04-06,0,0.7,1,0,39217,0,0.3333,False,True,249,999,449,0,0,0,0,0,0,0,449,True,False,,"{""hard_violations"": 3, ""h1_all_seated_once"": false, ""h2_host_seat1"": true, ""h3_not_adj_AB"": false, ""h4_not_adj_CD"": false, ""h5_adj_EF"": true, ""s1_GH_pref"": false}",,False,experiments/results/E1/raw_outputs/NL-opt/CP/CP-04-06_r0.json,0
2026-08-25T05:47:19,JSON,CP,CP-04,CP-04-06,0,0.7,1,0,22354,0,1.0,True,True,242,492,389,0,0,0,0,0,0,0,389,True,False,,"{""hard_violations"": 0, ""h1_all_seated_once"": true, ""h2_host_seat1"": true, ""h3_not_adj_AB"": true, ""h4_not_adj_CD"": true, ""h5_adj_EF"": true, ""s1_GH_pref"": true}",,False,experiments/results/E1/raw_outputs/JSON/CP/CP-04-06_r0.json,0
2026-08-25T05:48:28,CSIR-SIR,CP,CP-04,CP-04-00,0,0.7,4,3,7941,134984,0.0,False,True,167,199,295,0,0,1623,2048,3302,4096,1368,295,False,True,json:no JSON object found,"{""hard_violations"": 5, ""h1_all_seated_once"": false, ""h2_host_seat1"": false, ""h3_not_adj_AB"": false, ""h4_not_adj_CD"": false, ""h5_adj_EF"": false, ""s1_GH_pref"": false}",,False,experiments/results/E1/raw_outputs/CSIR-SIR/CP/CP-04-00_r0.json,0
2026-08-25T05:49:18,CSIR-SIR,CP,CP-04,CP-04-02,0,0.7,4,3,10676,154195,0.0,False,True,167,328,295,0,0,1608,2048,3272,4096,1368,295,False,True,json:no JSON object found,"{""hard_violations"": 5, ""h1_all_seated_once"": false, ""h2_host_seat1"": false, ""h3_not_adj_AB"": false, ""h4_not_adj_CD"": false, ""h5_adj_EF"": false}",,False,experiments/results/E1/raw_outputs/CSIR-SIR/CP/CP-04-02_r0.json,0
2026-08-25T05:49:41,NL-opt,CP,CP-05,CP-05-00,0,0.7,1,0,51197,0,1.0,True,True,274,1705,449,0,0,0,0,0,0,0,449,True,False,,"{""hard_violations"": 0, ""h1_sum_exact"": true, ""h2_infra_floor"": true, ""h3_training_cap"": true, ""h4_ev_tool_cap"": true, ""h5_veto"": true, ""s1_training_pref"": true, ""s2_events_headroom"": true, ""s3_infra_headroom"": true}",,False,experiments/results/E1/raw_outputs/NL-opt/CP/CP-05-00_r0.json,0
2026-08-25T05:49:59,JSON,CP,CP-05,CP-05-00,0,0.7,1,0,40737,0,1.0,True,True,267,1074,389,0,0,0,0,0,0,0,389,True,False,,"{""hard_violations"": 0, ""h1_sum_exact"": true, ""h2_infra_floor"": true, ""h3_training_cap"": true, ""h4_ev_tool_cap"": true, ""h5_veto"": true, ""s1_training_pref"": true, ""s2_events_headroom"": true, ""s3_infra_headroom"": true}",,False,experiments/results/E1/raw_outputs/JSON/CP/CP-05-00_r0.json,0
2026-08-25T05:50:21,CSIR-SIR,CP,CP-04,CP-04-06,0,0.7,4,3,16442,143696,0.0,False,True,167,438,295,0,0,1627,2048,3310,4096,1368,295,False,True,json:no JSON object found,"{""hard_violations"": 5, ""h1_all_seated_once"": false, ""h2_host_seat1"": false, ""h3_not_adj_AB"": false, ""h4_not_adj_CD"": false, ""h5_adj_EF"": false, ""s1_GH_pref"": false}",,False,experiments/results/E1/raw_outputs/CSIR-SIR/CP/CP-04-06_r0.json,0
2026-08-25T05:51:03,JSON,CP,CP-05,CP-05-02,0,0.7,1,0,40622,0,1.0,True,True,267,1267,389,0,0,0,0,0,0,0,389,True,False,,"{""hard_violations"": 0, ""h1_sum_exact"": true, ""h2_infra_floor"": true, ""h3_training_cap"": true, ""h4_ev_tool_cap"": true, ""h5_veto"": true, ""s1_training_pref"": true, ""s2_events_headroom"": true, ""s3_infra_headroom"": true}",,False,experiments/results/E1/raw_outputs/JSON/CP/CP-05-02_r0.json,0
2026-08-25T05:51:21,NL-opt,CP,CP-05,CP-05-02,0,0.7,1,0,60019,0,0.0,False,True,274,2048,449,0,0,0,0,0,0,0,449,True,False,,"{""hard_violations"": 5, ""h1_sum_exact"": false, ""h2_infra_floor"": false, ""h3_training_cap"": false, ""h4_ev_tool_cap"": false, ""h5_veto"": false, ""s1_training_pref"": false, ""s2_events_headroom"": false, ""s3_infra_headroom"": false}",,False,experiments/results/E1/raw_outputs/NL-opt/CP/CP-05-02_r0.json,0
2026-08-25T05:52:06,CSIR-SIR,CP,CP-04,CP-04-04,0,0.7,4,3,7330,141933,0.0,False,True,167,192,295,0,0,1610,2048,3276,4096,1368,295,False,True,json:no JSON object found,"{""hard_violations"": 5, ""h1_all_seated_once"": false, ""h2_host_seat1"": false, ""h3_not_adj_AB"": false, ""h4_not_adj_CD"": false, ""h5_adj_EF"": false}",,False,experiments/results/E1/raw_outputs/CSIR-SIR/CP/CP-04-04_r0.json,0
2026-08-25T05:52:30,NL-opt,CP,CP-05,CP-05-04,0,0.7,1,0,69123,0,0.0,False,True,274,2048,449,0,0,0,0,0,0,0,449,True,False,,"{""hard_violations"": 5, ""h1_sum_exact"": false, ""h2_infra_floor"": false, ""h3_training_cap"": false, ""h4_ev_tool_cap"": false, ""h5_veto"": false, ""s1_training_pref"": false, ""s2_events_headroom"": false, ""s3_infra_headroom"": false}",,False,experiments/results/E1/raw_outputs/NL-opt/CP/CP-05-04_r0.json,0
2026-08-25T05:52:46,JSON,CP,CP-05,CP-05-04,0,0.7,1,0,39832,0,1.0,True,True,267,1390,389,0,0,0,0,0,0,0,389,True,False,,"{""hard_violations"": 0, ""h1_sum_exact"": true, ""h2_infra_floor"": true, ""h3_training_cap"": true, ""h4_ev_tool_cap"": true, ""h5_veto"": true, ""s1_training_pref"": true, ""s2_events_headroom"": true, ""s3_infra_headroom"": true}",,False,experiments/results/E1/raw_outputs/JSON/CP/CP-05-04_r0.json,0
2026-08-25T05:53:29,CSIR-SIR,CP,CP-05,CP-05-00,0,0.7,4,3,15105,146593,0.0,False,True,158,129,295,0,0,1652,2048,3360,4096,1368,295,False,True,json:no JSON object found,"{""hard_violations"": 5, ""h1_sum_exact"": false, ""h2_infra_floor"": false, ""h3_training_cap"": false, ""h4_ev_tool_cap"": false, ""h5_veto"": false, ""s1_training_pref"": false, ""s2_events_headroom"": false, ""s3_infra_headroom"": false}",,False,experiments/results/E1/raw_outputs/CSIR-SIR/CP/CP-05-00_r0.json,0
2026-08-25T05:53:57,CSIR-SIR,CP,CP-05,CP-05-02,0,0.7,4,3,7951,144955,0.0,False,True,158,218,295,0,0,1652,2048,3360,4096,1368,295,False,True,json:no JSON object found,"{""hard_violations"": 5, ""h1_sum_exact"": false, ""h2_infra_floor"": false, ""h3_training_cap"": false, ""h4_ev_tool_cap"": false, ""h5_veto"": false, ""s1_training_pref"": false, ""s2_events_headroom"": false, ""s3_infra_headroom"": false}",,False,experiments/results/E1/raw_outputs/CSIR-SIR/CP/CP-05-02_r0.json,0
2026-08-25T05:53:59,NL-opt,CP,CP-05,CP-05-06,0,0.7,1,0,72577,0,0.0,False,True,274,2048,449,0,0,0,0,0,0,0,449,True,False,,"{""hard_violations"": 5, ""h1_sum_exact"": false, ""h2_infra_floor"": false, ""h3_training_cap"": false, ""h4_ev_tool_cap"": false, ""h5_veto"": false, ""s1_training_pref"": false, ""s2_events_headroom"": false, ""s3_infra_headroom"": false}",,False,experiments/results/E1/raw_outputs/NL-opt/CP/CP-05-06_r0.json,0
2026-08-25T05:54:36,JSON,CP,CP-05,CP-05-06,0,0.7,1,0,67097,0,1.0,True,True,267,1799,389,0,0,0,0,0,0,0,389,True,False,,"{""hard_violations"": 0, ""h1_sum_exact"": true, ""h2_infra_floor"": true, ""h3_training_cap"": true, ""h4_ev_tool_cap"": true, ""h5_veto"": true, ""s1_training_pref"": true, ""s2_events_headroom"": true, ""s3_infra_headroom"": true}",,False,experiments/results/E1/raw_outputs/JSON/CP/CP-05-06_r0.json,0
2026-08-25T05:55:15,NL-opt,CP,CP-01,CP-01-00,1,0.7,1,0,76205,0,0.0,False,True,314,2048,449,0,0,0,0,0,0,0,449,True,False,,"{""hard_violations"": 9, ""h1_dur_a"": false, ""h2_projector_a"": false, ""h3_capacity"": false, ""h4_lunch"": false, ""h5_org_buffer"": false, ""h6_avail_b"": false, ""h7_precedence_d"": false, ""h8_grid"": false, ""h9_complete"": false, ""s1_quiet_c"": false}",,False,experiments/results/E1/raw_outputs/NL-opt/CP/CP-01-00_r1.json,0
2026-08-25T05:55:38,CSIR-SIR,CP,CP-05,CP-05-04,0,0.7,4,3,7308,158905,0.0,False,True,158,205,295,0,0,1652,2048,3360,4096,1368,295,False,True,json:no JSON object found,"{""hard_violations"": 5, ""h1_sum_exact"": false, ""h2_infra_floor"": false, ""h3_training_cap"": false, ""h4_ev_tool_cap"": false, ""h5_veto"": false, ""s1_training_pref"": false, ""s2_events_headroom"": false, ""s3_infra_headroom"": false}",,False,experiments/results/E1/raw_outputs/CSIR-SIR/CP/CP-05-04_r0.json,0
2026-08-25T05:56:28,JSON,CP,CP-01,CP-01-00,1,0.7,2,0,112264,0,1.0,True,True,307,2048,389,723,1073,0,0,0,0,0,389,True,False,,"{""hard_violations"": 0, ""h1_dur_a"": true, ""h2_projector_a"": true, ""h3_capacity"": true, ""h4_lunch"": true, ""h5_org_buffer"": true, ""h6_avail_b"": true, ""h7_precedence_d"": true, ""h8_grid"": true, ""h9_complete"": true, ""s1_quiet_c"": true}",,False,experiments/results/E1/raw_outputs/JSON/CP/CP-01-00_r1.json,0
2026-08-25T05:56:46,NL-opt,CP,CP-01,CP-01-02,1,0.7,1,0,68363,0,0.0,False,True,314,2048,449,0,0,0,0,0,0,0,449,True,False,,"{""hard_violations"": 9, ""h1_dur_a"": false, ""h2_projector_a"": false, ""h3_capacity"": false, ""h4_lunch"": false, ""h5_org_buffer"": false, ""h6_avail_b"": false, ""h7_precedence_d"": false, ""h8_grid"": false, ""h9_complete"": false, ""s1_quiet_c"": false}",,False,experiments/results/E1/raw_outputs/NL-opt/CP/CP-01-02_r1.json,0
2026-08-25T05:57:12,CSIR-SIR,CP,CP-05,CP-05-06,0,0.7,4,3,13182,137457,0.0,False,True,158,428,295,0,0,1652,2048,3360,4096,1368,295,False,True,json:no JSON object found,"{""hard_violations"": 5, ""h1_sum_exact"": false, ""h2_infra_floor"": false, ""h3_training_cap"": false, ""h4_ev_tool_cap"": false, ""h5_veto"": false, ""s1_training_pref"": false, ""s2_events_headroom"": false, ""s3_infra_headroom"": false}",,False,experiments/results/E1/raw_outputs/CSIR-SIR/CP/CP-05-06_r0.json,0
2026-08-25T05:57:49,JSON,CP,CP-01,CP-01-02,1,0.7,1,0,59481,0,1.0,True,True,307,1869,389,0,0,0,0,0,0,0,389,True,False,,"{""hard_violations"": 0, ""h1_dur_a"": true, ""h2_projector_a"": true, ""h3_capacity"": true, ""h4_lunch"": true, ""h5_org_buffer"": true, ""h6_avail_b"": true, ""h7_precedence_d"": true, ""h8_grid"": true, ""h9_complete"": true, ""s1_quiet_c"": true}",,False,experiments/results/E1/raw_outputs/JSON/CP/CP-01-02_r1.json,0
2026-08-25T05:58:20,NL-opt,CP,CP-01,CP-01-04,1,0.7,1,0,68568,0,0.0,False,True,314,2048,449,0,0,0,0,0,0,0,449,True,False,,"{""hard_violations"": 9, ""h1_dur_a"": false, ""h2_projector_a"": false, ""h3_capacity"": false, ""h4_lunch"": false, ""h5_org_buffer"": false, ""h6_avail_b"": false, ""h7_precedence_d"": false, ""h8_grid"": false, ""h9_complete"": false, ""s1_quiet_c"": false}",,False,experiments/results/E1/raw_outputs/NL-opt/CP/CP-01-04_r1.json,0
2026-08-25T05:58:30,CSIR-SIR,CP,CP-01,CP-01-00,1,0.7,4,3,42696,151787,0.0,False,False,178,1223,295,0,0,1692,2048,3440,4096,1368,295,False,True,json:no JSON object found,"{""checker_exception"": ""TypeError(\""unsupported operand type(s) for -: 'NoneType' and 'int'\"")""}",,False,experiments/results/E1/raw_outputs/CSIR-SIR/CP/CP-01-00_r1.json,0
2026-08-25T05:59:21,JSON,CP,CP-01,CP-01-04,1,0.7,1,0,48333,0,1.0,True,True,307,1522,389,0,0,0,0,0,0,0,389,True,False,,"{""hard_violations"": 0, ""h1_dur_a"": true, ""h2_projector_a"": true, ""h3_capacity"": true, ""h4_lunch"": true, ""h5_org_buffer"": true, ""h6_avail_b"": true, ""h7_precedence_d"": true, ""h8_grid"": true, ""h9_complete"": true, ""s1_quiet_c"": true}",,False,experiments/results/E1/raw_outputs/JSON/CP/CP-01-04_r1.json,0
2026-08-25T05:59:30,CSIR-SIR,CP,CP-01,CP-01-02,1,0.7,4,3,13076,150076,0.0,False,True,178,426,295,0,0,1692,2048,3440,4096,1368,295,False,True,json:no JSON object found,"{""hard_violations"": 9, ""h1_dur_a"": false, ""h2_projector_a"": false, ""h3_capacity"": false, ""h4_lunch"": false, ""h5_org_buffer"": false, ""h6_avail_b"": false, ""h7_precedence_d"": false, ""h8_grid"": false, ""h9_complete"": false, ""s1_quiet_c"": false}",,False,experiments/results/E1/raw_outputs/CSIR-SIR/CP/CP-01-02_r1.json,0
2026-08-25T05:59:37,NL-opt,CP,CP-01,CP-01-06,1,0.7,1,0,65667,0,0.0,False,True,314,2048,449,0,0,0,0,0,0,0,449,True,False,,"{""hard_violations"": 9, ""h1_dur_a"": false, ""h2_projector_a"": false, ""h3_capacity"": false, ""h4_lunch"": false, ""h5_org_buffer"": false, ""h6_avail_b"": false, ""h7_precedence_d"": false, ""h8_grid"": false, ""h9_complete"": false, ""s1_quiet_c"": false}",,False,experiments/results/E1/raw_outputs/NL-opt/CP/CP-01-06_r1.json,0
2026-08-25T06:00:11,JSON,CP,CP-01,CP-01-06,1,0.7,1,0,49978,0,1.0,True,True,307,1631,389,0,0,0,0,0,0,0,389,True,False,,"{""hard_violations"": 0, ""h1_dur_a"": true, ""h2_projector_a"": true, ""h3_capacity"": true, ""h4_lunch"": true, ""h5_org_buffer"": true, ""h6_avail_b"": true, ""h7_precedence_d"": true, ""h8_grid"": true, ""h9_complete"": true, ""s1_quiet_c"": true}",,False,experiments/results/E1/raw_outputs/JSON/CP/CP-01-06_r1.json,0
2026-08-25T06:01:01,JSON,CP,CP-02,CP-02-00,1,0.7,1,0,49525,0,0.875,True,True,299,1569,389,0,0,0,0,0,0,0,389,True,False,,"{""hard_violations"": 0, ""h1_skills"": true, ""h2_coverage"": true, ""h3_caps"": true, ""h4_t1_before_t3"": true, ""h5_t4_restriction"": true, ""s1_t2_early"": true, ""s2_balance"": false, ""s3_low_switching"": true}",,False,experiments/results/E1/raw_outputs/JSON/CP/CP-02-00_r1.json,0
2026-08-25T06:01:12,CSIR-SIR,CP,CP-01,CP-01-04,1,0.7,4,3,11274,139067,0.0,False,True,178,368,295,0,0,1692,2048,3440,4096,1368,295,False,True,json:no JSON object found,"{""hard_violations"": 9, ""h1_dur_a"": false, ""h2_projector_a"": false, ""h3_capacity"": false, ""h4_lunch"": false, ""h5_org_buffer"": false, ""h6_avail_b"": false, ""h7_precedence_d"": false, ""h8_grid"": false, ""h9_complete"": false, ""s1_quiet_c"": false}",,False,experiments/results/E1/raw_outputs/CSIR-SIR/CP/CP-01-04_r1.json,0
2026-08-25T06:01:56,NL-opt,CP,CP-02,CP-02-00,1,0.7,1,0,74889,0,0.0,False,True,306,2048,449,0,0,0,0,0,0,0,449,True,False,,"{""hard_violations"": 5, ""h1_skills"": false, ""h2_coverage"": false, ""h3_caps"": false, ""h4_t1_before_t3"": false, ""h5_t4_restriction"": false, ""s1_t2_early"": false, ""s2_balance"": false, ""s3_low_switching"": false}",,False,experiments/results/E1/raw_outputs/NL-opt/CP/CP-02-00_r1.json,0
2026-08-25T06:02:24,NL-opt,CP,CP-02,CP-02-02,1,0.7,1,0,71654,0,0.0,False,True,306,2048,449,0,0,0,0,0,0,0,449,True,False,,"{""hard_violations"": 5, ""h1_skills"": false, ""h2_coverage"": false, ""h3_caps"": false, ""h4_t1_before_t3"": false, ""h5_t4_restriction"": false, ""s1_t2_early"": false, ""s2_balance"": false, ""s3_low_switching"": false}",,False,experiments/results/E1/raw_outputs/NL-opt/CP/CP-02-02_r1.json,0
2026-08-25T06:03:26,CSIR-SIR,CP,CP-01,CP-01-06,1,0.7,4,3,18928,152578,0.0,False,True,178,594,295,0,0,1692,2048,3440,4096,1368,295,False,True,json:no JSON object found,"{""hard_violations"": 9, ""h1_dur_a"": false, ""h2_projector_a"": false, ""h3_capacity"": false, ""h4_lunch"": false, ""h5_org_buffer"": false, ""h6_avail_b"": false, ""h7_precedence_d"": false, ""h8_grid"": false, ""h9_complete"": false, ""s1_quiet_c"": false}",,False,experiments/results/E1/raw_outputs/CSIR-SIR/CP/CP-01-06_r1.json,0
2026-08-25T06:04:37,CSIR-SIR,CP,CP-02,CP-02-00,1,0.7,4,3,6896,144093,0.0,False,True,156,152,295,0,0,1684,2048,3424,4096,1368,295,False,True,json:no JSON object found,"{""hard_violations"": 5, ""h1_skills"": false, ""h2_coverage"": false, ""h3_caps"": false, ""h4_t1_before_t3"": false, ""h5_t4_restriction"": false, ""s1_t2_early"": false, ""s2_balance"": false, ""s3_low_switching"": false}",,False,experiments/results/E1/raw_outputs/CSIR-SIR/CP/CP-02-00_r1.json,0
2026-08-25T06:04:47,NL-opt,CP,CP-02,CP-02-04,1,0.7,1,0,81400,0,0.0,False,True,306,2048,449,0,0,0,0,0,0,0,449,True,False,,"{""hard_violations"": 5, ""h1_skills"": false, ""h2_coverage"": false, ""h3_caps"": false, ""h4_t1_before_t3"": false, ""h5_t4_restriction"": false, ""s1_t2_early"": false, ""s2_balance"": false, ""s3_low_switching"": false}",,False,experiments/results/E1/raw_outputs/NL-opt/CP/CP-02-04_r1.json,0
2026-08-25T06:05:25,CSIR-SIR,CP,CP-02,CP-02-02,1,0.7,4,3,21869,137343,0.0,False,True,156,599,295,0,0,1684,2048,3424,4096,1368,295,False,True,json:no JSON object found,"{""hard_violations"": 5, ""h1_skills"": false, ""h2_coverage"": false, ""h3_caps"": false, ""h4_t1_before_t3"": false, ""h5_t4_restriction"": false, ""s1_t2_early"": false, ""s2_balance"": false, ""s3_low_switching"": false}",,False,experiments/results/E1/raw_outputs/CSIR-SIR/CP/CP-02-02_r1.json,0
2026-08-25T06:05:34,JSON,CP,CP-02,CP-02-02,1,0.7,3,0,196912,0,0.0,False,False,299,2048,389,1430,4096,0,0,0,0,0,389,True,False,,{},parse: no JSON object found,False,experiments/results/E1/raw_outputs/JSON/CP/CP-02-02_r1.json,0
2026-08-25T06:06:28,NL-opt,CP,CP-02,CP-02-06,1,0.7,1,0,63084,0,0.0,False,True,306,2048,449,0,0,0,0,0,0,0,449,True,False,,"{""hard_violations"": 5, ""h1_skills"": false, ""h2_coverage"": false, ""h3_caps"": false, ""h4_t1_before_t3"": false, ""h5_t4_restriction"": false, ""s1_t2_early"": false, ""s2_balance"": false, ""s3_low_switching"": false}",,False,experiments/results/E1/raw_outputs/NL-opt/CP/CP-02-06_r1.json,0
2026-08-25T06:07:07,JSON,CP,CP-02,CP-02-06,1,0.7,1,0,49276,0,1.0,True,True,299,1604,389,0,0,0,0,0,0,0,389,True,False,,"{""hard_violations"": 0, ""h1_skills"": true, ""h2_coverage"": true, ""h3_caps"": true, ""h4_t1_before_t3"": true, ""h5_t4_restriction"": true, ""s1_t2_early"": true, ""s2_balance"": true, ""s3_low_switching"": true}",,False,experiments/results/E1/raw_outputs/JSON/CP/CP-02-06_r1.json,0
2026-08-25T06:08:02,CSIR-SIR,CP,CP-02,CP-02-04,1,0.7,4,3,14450,137071,0.0,False,False,156,403,295,0,0,1684,2048,3424,4096,1368,295,False,True,json:no JSON object found,"{""checker_exception"": ""AttributeError(\""'str' object has no attribute 'items'\"")""}",,False,experiments/results/E1/raw_outputs/CSIR-SIR/CP/CP-02-04_r1.json,0
2026-08-25T06:08:10,NL-opt,CP,CP-03,CP-03-00,1,0.7,1,0,63397,0,0.4286,False,True,245,2048,449,0,0,0,0,0,0,0,449,True,False,,"{""hard_violations"": 4, ""h1_branch_first"": false, ""h2_dry_before_tag"": false, ""h3_retry_bound"": true, ""h4_notes_after_tag"": false, ""h5_announce_after_playbook"": true, ""h6_legal_conditional"": true, ""h7_tag_gate"": false}",,False,experiments/results/E1/raw_outputs/NL-opt/CP/CP-03-00_r1.json,0
2026-08-25T06:08:37,JSON,CP,CP-02,CP-02-04,1,0.7,3,0,216778,0,0.0,False,False,299,2048,389,1430,4096,0,0,0,0,0,389,True,False,,{},parse: no JSON object found,False,experiments/results/E1/raw_outputs/JSON/CP/CP-02-04_r1.json,0
2026-08-25T06:09:10,JSON,CP,CP-03,CP-03-00,1,0.7,1,0,25657,0,0.8571,False,True,238,910,389,0,0,0,0,0,0,0,389,True,False,,"{""hard_violations"": 1, ""h1_branch_first"": true, ""h2_dry_before_tag"": true, ""h3_retry_bound"": false, ""h4_notes_after_tag"": true, ""h5_announce_after_playbook"": true, ""h6_legal_conditional"": true, ""h7_tag_gate"": true}",,False,experiments/results/E1/raw_outputs/JSON/CP/CP-03-00_r1.json,0
2026-08-25T06:09:23,JSON,CP,CP-03,CP-03-02,1,0.7,1,0,12432,0,0.8571,False,True,238,409,389,0,0,0,0,0,0,0,389,True,False,,"{""hard_violations"": 1, ""h1_branch_first"": true, ""h2_dry_before_tag"": true, ""h3_retry_bound"": false, ""h4_notes_after_tag"": true, ""h5_announce_after_playbook"": true, ""h6_legal_conditional"": true, ""h7_tag_gate"": true}",,False,experiments/results/E1/raw_outputs/JSON/CP/CP-03-02_r1.json,0
2026-08-25T06:09:36,CSIR-SIR,CP,CP-02,CP-02-06,1,0.7,4,3,22201,144278,0.0,False,False,156,621,295,0,0,1684,2048,3424,4096,1368,295,False,True,json:no JSON object found,"{""checker_exception"": ""AttributeError(\""'str' object has no attribute 'items'\"")""}",,False,experiments/results/E1/raw_outputs/CSIR-SIR/CP/CP-02-06_r1.json,0
2026-08-25T06:09:46,NL-opt,CP,CP-03,CP-03-02,1,0.7,1,0,68805,0,0.4286,False,True,245,2048,449,0,0,0,0,0,0,0,449,True,False,,"{""hard_violations"": 4, ""h1_branch_first"": false, ""h2_dry_before_tag"": false, ""h3_retry_bound"": true, ""h4_notes_after_tag"": false, ""h5_announce_after_playbook"": true, ""h6_legal_conditional"": true, ""h7_tag_gate"": false}",,False,experiments/results/E1/raw_outputs/NL-opt/CP/CP-03-02_r1.json,0
2026-08-25T06:10:22,JSON,CP,CP-03,CP-03-04,1,0.7,1,0,14831,0,0.8571,False,True,238,614,389,0,0,0,0,0,0,0,389,True,False,,"{""hard_violations"": 1, ""h1_branch_first"": true, ""h2_dry_before_tag"": true, ""h3_retry_bound"": false, ""h4_notes_after_tag"": true, ""h5_announce_after_playbook"": true, ""h6_legal_conditional"": true, ""h7_tag_gate"": true}",,False,experiments/results/E1/raw_outputs/JSON/CP/CP-03-04_r1.json,0
2026-08-25T06:10:31,NL-opt,CP,CP-03,CP-03-04,1,0.7,1,0,54475,0,0.4286,False,True,245,2048,449,0,0,0,0,0,0,0,449,True,False,,"{""hard_violations"": 4, ""h1_branch_first"": false, ""h2_dry_before_tag"": false, ""h3_retry_bound"": true, ""h4_notes_after_tag"": false, ""h5_announce_after_playbook"": true, ""h6_legal_conditional"": true, ""h7_tag_gate"": false}",,False,experiments/results/E1/raw_outputs/NL-opt/CP/CP-03-04_r1.json,0
2026-08-25T06:11:41,CSIR-SIR,CP,CP-03,CP-03-00,1,0.7,4,3,9171,137424,0.4286,False,True,155,233,295,0,0,1623,2048,3302,4096,1368,295,False,True,json:no JSON object found,"{""hard_violations"": 4, ""h1_branch_first"": false, ""h2_dry_before_tag"": false, ""h3_retry_bound"": true, ""h4_notes_after_tag"": false, ""h5_announce_after_playbook"": true, ""h6_legal_conditional"": true, ""h7_tag_gate"": false}",,False,experiments/results/E1/raw_outputs/CSIR-SIR/CP/CP-03-00_r1.json,0
2026-08-25T06:12:04,JSON,CP,CP-03,CP-03-06,1,0.7,1,0,21988,0,1.0,True,True,238,865,389,0,0,0,0,0,0,0,389,True,False,,"{""hard_violations"": 0, ""h1_branch_first"": true, ""h2_dry_before_tag"": true, ""h3_retry_bound"": true, ""h4_notes_after_tag"": true, ""h5_announce_after_playbook"": true, ""h6_legal_conditional"": true, ""h7_tag_gate"": true}",,False,experiments/results/E1/raw_outputs/JSON/CP/CP-03-06_r1.json,0
2026-08-25T06:12:22,NL-opt,CP,CP-03,CP-03-06,1,0.7,1,0,68187,0,0.4286,False,True,245,2048,449,0,0,0,0,0,0,0,449,True,False,,"{""hard_violations"": 4, ""h1_branch_first"": false, ""h2_dry_before_tag"": false, ""h3_retry_bound"": true, ""h4_notes_after_tag"": false, ""h5_announce_after_playbook"": true, ""h6_legal_conditional"": true, ""h7_tag_gate"": false}",,False,experiments/results/E1/raw_outputs/NL-opt/CP/CP-03-06_r1.json,0
2026-08-25T06:12:59,NL-opt,CP,CP-04,CP-04-00,1,0.7,1,0,36502,0,1.0,True,True,245,958,449,0,0,0,0,0,0,0,449,True,False,,"{""hard_violations"": 0, ""h1_all_seated_once"": true, ""h2_host_seat1"": true, ""h3_not_adj_AB"": true, ""h4_not_adj_CD"": true, ""h5_adj_EF"": true, ""s1_GH_pref"": true}",,False,experiments/results/E1/raw_outputs/NL-opt/CP/CP-04-00_r1.json,0
2026-08-25T06:13:14,JSON,CP,CP-04,CP-04-00,1,0.7,1,0,15264,0,1.0,True,True,238,505,389,0,0,0,0,0,0,0,389,True,False,,"{""hard_violations"": 0, ""h1_all_seated_once"": true, ""h2_host_seat1"": true, ""h3_not_adj_AB"": true, ""h4_not_adj_CD"": true, ""h5_adj_EF"": true, ""s1_GH_pref"": true}",,False,experiments/results/E1/raw_outputs/JSON/CP/CP-04-00_r1.json,0
2026-08-25T06:13:59,CSIR-SIR,CP,CP-03,CP-03-02,1,0.7,4,3,10978,136943,0.4286,False,True,155,269,295,0,0,1623,2048,3302,4096,1368,295,False,True,json:no JSON object found,"{""hard_violations"": 4, ""h1_branch_first"": false, ""h2_dry_before_tag"": false, ""h3_retry_bound"": true, ""h4_notes_after_tag"": false, ""h5_announce_after_playbook"": true, ""h6_legal_conditional"": true, ""h7_tag_gate"": false}",,False,experiments/results/E1/raw_outputs/CSIR-SIR/CP/CP-03-02_r1.json,0
2026-08-25T06:14:31,CSIR-SIR,CP,CP-03,CP-03-06,1,0.7,4,3,11366,135461,0.4286,False,True,155,263,295,0,0,1623,2048,3302,4096,1368,295,False,True,json:no JSON object found,"{""hard_violations"": 4, ""h1_branch_first"": false, ""h2_dry_before_tag"": false, ""h3_retry_bound"": true, ""h4_notes_after_tag"": false, ""h5_announce_after_playbook"": true, ""h6_legal_conditional"": true, ""h7_tag_gate"": false}",,False,experiments/results/E1/raw_outputs/CSIR-SIR/CP/CP-03-06_r1.json,0
2026-08-25T06:14:32,CSIR-SIR,CP,CP-03,CP-03-04,1,0.7,4,3,11385,130806,0.4286,False,True,155,296,295,0,0,1623,2048,3302,4096,1368,295,False,True,json:no JSON object found,"{""hard_violations"": 4, ""h1_branch_first"": false, ""h2_dry_before_tag"": false, ""h3_retry_bound"": true, ""h4_notes_after_tag"": false, ""h5_announce_after_playbook"": true, ""h6_legal_conditional"": true, ""h7_tag_gate"": false}",,False,experiments/results/E1/raw_outputs/CSIR-SIR/CP/CP-03-04_r1.json,0
2026-08-25T06:14:53,JSON,CP,CP-04,CP-04-02,1,0.7,1,0,22003,0,1.0,True,True,223,530,389,0,0,0,0,0,0,0,389,True,False,,"{""hard_violations"": 0, ""h1_all_seated_once"": true, ""h2_host_seat1"": true, ""h3_not_adj_AB"": true, ""h4_not_adj_CD"": true, ""h5_adj_EF"": true}",,False,experiments/results/E1/raw_outputs/JSON/CP/CP-04-02_r1.json,0
2026-08-25T06:14:54,NL-opt,CP,CP-04,CP-04-02,1,0.7,1,0,54074,0,1.0,True,True,230,1379,449,0,0,0,0,0,0,0,449,True,False,,"{""hard_violations"": 0, ""h1_all_seated_once"": true, ""h2_host_seat1"": true, ""h3_not_adj_AB"": true, ""h4_not_adj_CD"": true, ""h5_adj_EF"": true}",,False,experiments/results/E1/raw_outputs/NL-opt/CP/CP-04-02_r1.json,0
2026-08-25T06:15:19,NL-opt,CP,CP-04,CP-04-04,1,0.7,1,0,25987,0,1.0,True,True,232,528,449,0,0,0,0,0,0,0,449,True,False,,"{""hard_violations"": 0, ""h1_all_seated_once"": true, ""h2_host_seat1"": true, ""h3_not_adj_AB"": true, ""h4_not_adj_CD"": true, ""h5_adj_EF"": true}",,False,experiments/results/E1/raw_outputs/NL-opt/CP/CP-04-04_r1.json,0
2026-08-25T06:15:58,JSON,CP,CP-04,CP-04-04,1,0.7,1,0,20951,0,1.0,True,True,225,518,389,0,0,0,0,0,0,0,389,True,False,,"{""hard_violations"": 0, ""h1_all_seated_once"": true, ""h2_host_seat1"": true, ""h3_not_adj_AB"": true, ""h4_not_adj_CD"": true, ""h5_adj_EF"": true}",,False,experiments/results/E1/raw_outputs/JSON/CP/CP-04-04_r1.json,0
2026-08-25T06:17:38,CSIR-SIR,CP,CP-04,CP-04-04,1,0.7,4,3,9205,129324,0.0,False,True,167,264,295,0,0,1610,2048,3276,4096,1368,295,False,True,json:no JSON object found,"{""hard_violations"": 5, ""h1_all_seated_once"": false, ""h2_host_seat1"": false, ""h3_not_adj_AB"": false, ""h4_not_adj_CD"": false, ""h5_adj_EF"": false}",,False,experiments/results/E1/raw_outputs/CSIR-SIR/CP/CP-04-04_r1.json,0
2026-08-25T06:17:51,NL-opt,CP,CP-04,CP-04-06,1,0.7,1,0,48934,0,0.5,False,True,249,1553,449,0,0,0,0,0,0,0,449,True,False,,"{""hard_violations"": 3, ""h1_all_seated_once"": false, ""h2_host_seat1"": true, ""h3_not_adj_AB"": false, ""h4_not_adj_CD"": false, ""h5_adj_EF"": true, ""s1_GH_pref"": true}",,False,experiments/results/E1/raw_outputs/NL-opt/CP/CP-04-06_r1.json,0
2026-08-25T06:17:53,CSIR-SIR,CP,CP-04,CP-04-02,1,0.7,4,3,13411,143577,0.0,False,True,167,351,295,0,0,1608,2048,3272,4096,1368,295,False,True,json:no JSON object found,"{""hard_violations"": 5, ""h1_all_seated_once"": false, ""h2_host_seat1"": false, ""h3_not_adj_AB"": false, ""h4_not_adj_CD"": false, ""h5_adj_EF"": false}",,False,experiments/results/E1/raw_outputs/CSIR-SIR/CP/CP-04-02_r1.json,0
2026-08-25T06:18:38,JSON,CP,CP-04,CP-04-06,1,0.7,1,0,38941,0,1.0,True,True,242,1033,389,0,0,0,0,0,0,0,389,True,False,,"{""hard_violations"": 0, ""h1_all_seated_once"": true, ""h2_host_seat1"": true, ""h3_not_adj_AB"": true, ""h4_not_adj_CD"": true, ""h5_adj_EF"": true, ""s1_GH_pref"": true}",,False,experiments/results/E1/raw_outputs/JSON/CP/CP-04-06_r1.json,0
2026-08-25T06:18:57,NL-opt,CP,CP-05,CP-05-00,1,0.7,1,0,63714,0,0.0,False,True,274,2048,449,0,0,0,0,0,0,0,449,True,False,,"{""hard_violations"": 5, ""h1_sum_exact"": false, ""h2_infra_floor"": false, ""h3_training_cap"": false, ""h4_ev_tool_cap"": false, ""h5_veto"": false, ""s1_training_pref"": false, ""s2_events_headroom"": false, ""s3_infra_headroom"": false}",,False,experiments/results/E1/raw_outputs/NL-opt/CP/CP-05-00_r1.json,0
2026-08-25T06:19:09,CSIR-SIR,CP,CP-04,CP-04-00,1,0.7,4,3,9983,141303,0.0,False,True,167,296,295,0,0,1623,2048,3302,4096,1368,295,False,True,json:no JSON object found,"{""hard_violations"": 5, ""h1_all_seated_once"": false, ""h2_host_seat1"": false, ""h3_not_adj_AB"": false, ""h4_not_adj_CD"": false, ""h5_adj_EF"": false, ""s1_GH_pref"": false}",,False,experiments/results/E1/raw_outputs/CSIR-SIR/CP/CP-04-00_r1.json,0
2026-08-25T06:20:07,NL-opt,CP,CP-05,CP-05-02,1,0.7,1,0,58162,0,1.0,True,True,274,1821,449,0,0,0,0,0,0,0,449,True,False,,"{""hard_violations"": 0, ""h1_sum_exact"": true, ""h2_infra_floor"": true, ""h3_training_cap"": true, ""h4_ev_tool_cap"": true, ""h5_veto"": true, ""s1_training_pref"": true, ""s2_events_headroom"": true, ""s3_infra_headroom"": true}",,False,experiments/results/E1/raw_outputs/NL-opt/CP/CP-05-02_r1.json,0
2026-08-25T06:20:44,JSON,CP,CP-05,CP-05-02,1,0.7,1,0,15653,0,1.0,True,True,267,602,389,0,0,0,0,0,0,0,389,True,False,,"{""hard_violations"": 0, ""h1_sum_exact"": true, ""h2_infra_floor"": true, ""h3_training_cap"": true, ""h4_ev_tool_cap"": true, ""h5_veto"": true, ""s1_training_pref"": true, ""s2_events_headroom"": true, ""s3_infra_headroom"": true}",,False,experiments/results/E1/raw_outputs/JSON/CP/CP-05-02_r1.json,0
2026-08-25T06:20:52,CSIR-SIR,CP,CP-04,CP-04-06,1,0.7,4,3,13189,145795,0.0,False,True,167,256,295,0,0,1627,2048,3310,4096,1368,295,False,True,json:no JSON object found,"{""hard_violations"": 5, ""h1_all_seated_once"": false, ""h2_host_seat1"": false, ""h3_not_adj_AB"": false, ""h4_not_adj_CD"": false, ""h5_adj_EF"": false, ""s1_GH_pref"": false}",,False,experiments/results/E1/raw_outputs/CSIR-SIR/CP/CP-04-06_r1.json,0
2026-08-25T06:21:16,JSON,CP,CP-05,CP-05-00,1,0.7,2,0,115089,0,1.0,True,True,267,2048,389,683,784,0,0,0,0,0,389,True,False,,"{""hard_violations"": 0, ""h1_sum_exact"": true, ""h2_infra_floor"": true, ""h3_training_cap"": true, ""h4_ev_tool_cap"": true, ""h5_veto"": true, ""s1_training_pref"": true, ""s2_events_headroom"": true, ""s3_infra_headroom"": true}",,False,experiments/results/E1/raw_outputs/JSON/CP/CP-05-00_r1.json,0
2026-08-25T06:22:30,JSON,CP,CP-05,CP-05-04,1,0.7,1,0,73182,0,1.0,True,True,267,2036,389,0,0,0,0,0,0,0,389,True,False,,"{""hard_violations"": 0, ""h1_sum_exact"": true, ""h2_infra_floor"": true, ""h3_training_cap"": true, ""h4_ev_tool_cap"": true, ""h5_veto"": true, ""s1_training_pref"": true, ""s2_events_headroom"": true, ""s3_infra_headroom"": true}",,False,experiments/results/E1/raw_outputs/JSON/CP/CP-05-04_r1.json,0
2026-08-25T06:22:31,NL-opt,CP,CP-05,CP-05-04,1,0.7,1,0,57016,0,0.0,False,True,274,2048,449,0,0,0,0,0,0,0,449,True,False,,"{""hard_violations"": 5, ""h1_sum_exact"": false, ""h2_infra_floor"": false, ""h3_training_cap"": false, ""h4_ev_tool_cap"": false, ""h5_veto"": false, ""s1_training_pref"": false, ""s2_events_headroom"": false, ""s3_infra_headroom"": false}",,False,experiments/results/E1/raw_outputs/NL-opt/CP/CP-05-04_r1.json,0
2026-08-25T06:22:47,CSIR-SIR,CP,CP-05,CP-05-00,1,0.7,4,3,11706,133009,0.0,False,True,158,235,295,0,0,1652,2048,3360,4096,1368,295,False,True,json:no JSON object found,"{""hard_violations"": 5, ""h1_sum_exact"": false, ""h2_infra_floor"": false, ""h3_training_cap"": false, ""h4_ev_tool_cap"": false, ""h5_veto"": false, ""s1_training_pref"": false, ""s2_events_headroom"": false, ""s3_infra_headroom"": false}",,False,experiments/results/E1/raw_outputs/CSIR-SIR/CP/CP-05-00_r1.json,0
2026-08-25T06:24:11,JSON,CP,CP-05,CP-05-06,1,0.7,1,0,62183,0,1.0,True,True,267,2010,389,0,0,0,0,0,0,0,389,True,False,,"{""hard_violations"": 0, ""h1_sum_exact"": true, ""h2_infra_floor"": true, ""h3_training_cap"": true, ""h4_ev_tool_cap"": true, ""h5_veto"": true, ""s1_training_pref"": true, ""s2_events_headroom"": true, ""s3_infra_headroom"": true}",,False,experiments/results/E1/raw_outputs/JSON/CP/CP-05-06_r1.json,0
2026-08-25T06:24:51,NL-opt,CP,CP-05,CP-05-06,1,0.7,1,0,75454,0,0.0,False,True,274,2048,449,0,0,0,0,0,0,0,449,True,False,,"{""hard_violations"": 5, ""h1_sum_exact"": false, ""h2_infra_floor"": false, ""h3_training_cap"": false, ""h4_ev_tool_cap"": false, ""h5_veto"": false, ""s1_training_pref"": false, ""s2_events_headroom"": false, ""s3_infra_headroom"": false}",,False,experiments/results/E1/raw_outputs/NL-opt/CP/CP-05-06_r1.json,0
2026-08-25T06:25:07,CSIR-SIR,CP,CP-05,CP-05-02,1,0.7,4,3,8852,145895,0.0,False,True,158,241,295,0,0,1652,2048,3360,4096,1368,295,False,True,json:no JSON object found,"{""hard_violations"": 5, ""h1_sum_exact"": false, ""h2_infra_floor"": false, ""h3_training_cap"": false, ""h4_ev_tool_cap"": false, ""h5_veto"": false, ""s1_training_pref"": false, ""s2_events_headroom"": false, ""s3_infra_headroom"": false}",,False,experiments/results/E1/raw_outputs/CSIR-SIR/CP/CP-05-02_r1.json,0
2026-08-25T06:25:20,CSIR-SIR,CP,CP-05,CP-05-04,1,0.7,4,3,12816,157586,0.0,False,True,158,337,295,0,0,1652,2048,3360,4096,1368,295,False,True,json:no JSON object found,"{""hard_violations"": 5, ""h1_sum_exact"": false, ""h2_infra_floor"": false, ""h3_training_cap"": false, ""h4_ev_tool_cap"": false, ""h5_veto"": false, ""s1_training_pref"": false, ""s2_events_headroom"": false, ""s3_infra_headroom"": false}",,False,experiments/results/E1/raw_outputs/CSIR-SIR/CP/CP-05-04_r1.json,0
2026-08-25T06:27:28,NL-opt,CP,CP-01,CP-01-00,2,0.7,1,0,71494,0,0.0,False,True,314,2048,449,0,0,0,0,0,0,0,449,True,False,,"{""hard_violations"": 9, ""h1_dur_a"": false, ""h2_projector_a"": false, ""h3_capacity"": false, ""h4_lunch"": false, ""h5_org_buffer"": false, ""h6_avail_b"": false, ""h7_precedence_d"": false, ""h8_grid"": false, ""h9_complete"": false, ""s1_quiet_c"": false}",,False,experiments/results/E1/raw_outputs/NL-opt/CP/CP-01-00_r2.json,0
2026-08-25T06:28:51,NL-opt,CP,CP-01,CP-01-02,2,0.7,1,0,82869,0,0.0,False,True,314,2048,449,0,0,0,0,0,0,0,449,True,False,,"{""hard_violations"": 9, ""h1_dur_a"": false, ""h2_projector_a"": false, ""h3_capacity"": false, ""h4_lunch"": false, ""h5_org_buffer"": false, ""h6_avail_b"": false, ""h7_precedence_d"": false, ""h8_grid"": false, ""h9_complete"": false, ""s1_quiet_c"": false}",,False,experiments/results/E1/raw_outputs/NL-opt/CP/CP-01-02_r2.json,0
2026-08-25T06:28:55,CSIR-SIR,CP,CP-05,CP-05-06,1,0.7,4,3,9039,147049,0.0,False,True,158,227,295,0,0,1652,2048,3360,4096,1368,295,False,True,json:no JSON object found,"{""hard_violations"": 5, ""h1_sum_exact"": false, ""h2_infra_floor"": false, ""h3_training_cap"": false, ""h4_ev_tool_cap"": false, ""h5_veto"": false, ""s1_training_pref"": false, ""s2_events_headroom"": false, ""s3_infra_headroom"": false}",,False,experiments/results/E1/raw_outputs/CSIR-SIR/CP/CP-05-06_r1.json,0
2026-08-25T06:29:57,CSIR-SIR,CP,CP-01,CP-01-00,2,0.7,4,3,19022,150117,0.0,False,True,178,473,295,0,0,1692,2048,3440,4096,1368,295,False,True,json:no JSON object found,"{""hard_violations"": 9, ""h1_dur_a"": false, ""h2_projector_a"": false, ""h3_capacity"": false, ""h4_lunch"": false, ""h5_org_buffer"": false, ""h6_avail_b"": false, ""h7_precedence_d"": false, ""h8_grid"": false, ""h9_complete"": false, ""s1_quiet_c"": false}",,False,experiments/results/E1/raw_outputs/CSIR-SIR/CP/CP-01-00_r2.json,0
2026-08-25T06:30:05,JSON,CP,CP-01,CP-01-00,2,0.7,3,0,231337,0,0.0,False,False,307,2048,389,1446,4096,0,0,0,0,0,389,True,False,,{},parse: no JSON object found,False,experiments/results/E1/raw_outputs/JSON/CP/CP-01-00_r2.json,0
2026-08-25T06:31:05,NL-opt,CP,CP-01,CP-01-04,2,0.7,1,0,67772,0,0.0,False,True,314,2048,449,0,0,0,0,0,0,0,449,True,False,,"{""hard_violations"": 9, ""h1_dur_a"": false, ""h2_projector_a"": false, ""h3_capacity"": false, ""h4_lunch"": false, ""h5_org_buffer"": false, ""h6_avail_b"": false, ""h7_precedence_d"": false, ""h8_grid"": false, ""h9_complete"": false, ""s1_quiet_c"": false}",,False,experiments/results/E1/raw_outputs/NL-opt/CP/CP-01-04_r2.json,0
2026-08-25T06:31:45,CSIR-SIR,CP,CP-01,CP-01-02,2,0.7,4,3,8873,139141,0.0,False,False,178,253,295,0,0,1692,2048,3440,4096,1368,295,False,True,json:no JSON object found,"{""checker_exception"": ""TypeError(\""unsupported operand type(s) for -: 'NoneType' and 'int'\"")""}",,False,experiments/results/E1/raw_outputs/CSIR-SIR/CP/CP-01-02_r2.json,0
2026-08-25T06:31:51,JSON,CP,CP-01,CP-01-04,2,0.7,2,0,105659,0,1.0,True,True,307,2048,389,723,924,0,0,0,0,0,389,True,False,,"{""hard_violations"": 0, ""h1_dur_a"": true, ""h2_projector_a"": true, ""h3_capacity"": true, ""h4_lunch"": true, ""h5_org_buffer"": true, ""h6_avail_b"": true, ""h7_precedence_d"": true, ""h8_grid"": true, ""h9_complete"": true, ""s1_quiet_c"": true}",,False,experiments/results/E1/raw_outputs/JSON/CP/CP-01-04_r2.json,0
2026-08-25T06:32:36,JSON,CP,CP-01,CP-01-06,2,0.7,1,0,45195,0,1.0,True,True,307,1508,389,0,0,0,0,0,0,0,389,True,False,,"{""hard_violations"": 0, ""h1_dur_a"": true, ""h2_projector_a"": true, ""h3_capacity"": true, ""h4_lunch"": true, ""h5_org_buffer"": true, ""h6_avail_b"": true, ""h7_precedence_d"": true, ""h8_grid"": true, ""h9_complete"": true, ""s1_quiet_c"": true}",,False,experiments/results/E1/raw_outputs/JSON/CP/CP-01-06_r2.json,0
2026-08-25T06:32:45,JSON,CP,CP-01,CP-01-02,2,0.7,3,0,213193,0,1.0,True,True,307,2048,389,1446,3795,0,0,0,0,0,389,True,False,,"{""hard_violations"": 0, ""h1_dur_a"": true, ""h2_projector_a"": true, ""h3_capacity"": true, ""h4_lunch"": true, ""h5_org_buffer"": true, ""h6_avail_b"": true, ""h7_precedence_d"": true, ""h8_grid"": true, ""h9_complete"": true, ""s1_quiet_c"": true}",,False,experiments/results/E1/raw_outputs/JSON/CP/CP-01-02_r2.json,0
2026-08-25T06:32:54,NL-opt,CP,CP-01,CP-01-06,2,0.7,1,0,69464,0,0.0,False,True,314,2048,449,0,0,0,0,0,0,0,449,True,False,,"{""hard_violations"": 9, ""h1_dur_a"": false, ""h2_projector_a"": false, ""h3_capacity"": false, ""h4_lunch"": false, ""h5_org_buffer"": false, ""h6_avail_b"": false, ""h7_precedence_d"": false, ""h8_grid"": false, ""h9_complete"": false, ""s1_quiet_c"": false}",,False,experiments/results/E1/raw_outputs/NL-opt/CP/CP-01-06_r2.json,0
2026-08-25T06:34:07,NL-opt,CP,CP-02,CP-02-00,2,0.7,1,0,81022,0,0.0,False,True,306,2048,449,0,0,0,0,0,0,0,449,True,False,,"{""hard_violations"": 5, ""h1_skills"": false, ""h2_coverage"": false, ""h3_caps"": false, ""h4_t1_before_t3"": false, ""h5_t4_restriction"": false, ""s1_t2_early"": false, ""s2_balance"": false, ""s3_low_switching"": false}",,False,experiments/results/E1/raw_outputs/NL-opt/CP/CP-02-00_r2.json,0
2026-08-25T06:34:15,JSON,CP,CP-02,CP-02-00,2,0.7,1,0,59193,0,0.875,True,True,299,1450,389,0,0,0,0,0,0,0,389,True,False,,"{""hard_violations"": 0, ""h1_skills"": true, ""h2_coverage"": true, ""h3_caps"": true, ""h4_t1_before_t3"": true, ""h5_t4_restriction"": true, ""s1_t2_early"": true, ""s2_balance"": false, ""s3_low_switching"": true}",,False,experiments/results/E1/raw_outputs/JSON/CP/CP-02-00_r2.json,0
2026-08-25T06:35:22,NL-opt,CP,CP-02,CP-02-02,2,0.7,1,0,66523,0,0.0,False,True,306,2048,449,0,0,0,0,0,0,0,449,True,False,,"{""hard_violations"": 5, ""h1_skills"": false, ""h2_coverage"": false, ""h3_caps"": false, ""h4_t1_before_t3"": false, ""h5_t4_restriction"": false, ""s1_t2_early"": false, ""s2_balance"": false, ""s3_low_switching"": false}",,False,experiments/results/E1/raw_outputs/NL-opt/CP/CP-02-02_r2.json,0
2026-08-25T06:35:48,CSIR-SIR,CP,CP-01,CP-01-04,2,0.7,4,3,29126,145624,0.0,False,False,178,874,295,0,0,1692,2048,3440,4096,1368,295,False,True,json:no JSON object found,"{""checker_exception"": ""AttributeError(\""'str' object has no attribute 'get'\"")""}",,False,experiments/results/E1/raw_outputs/CSIR-SIR/CP/CP-01-04_r2.json,0
2026-08-25T06:36:46,CSIR-SIR,CP,CP-02,CP-02-00,2,0.7,4,3,10354,148430,0.0,False,False,156,245,295,0,0,1684,2048,3424,4096,1368,295,False,True,json:no JSON object found,"{""checker_exception"": ""AttributeError(\""'str' object has no attribute 'items'\"")""}",,False,experiments/results/E1/raw_outputs/CSIR-SIR/CP/CP-02-00_r2.json,0
2026-08-25T06:37:08,CSIR-SIR,CP,CP-01,CP-01-06,2,0.7,5,3,34177,152726,0.0,False,True,178,475,295,493,487,1692,2048,3440,4096,1368,295,False,True,json:no JSON object found,"{""hard_violations"": 9, ""h1_dur_a"": false, ""h2_projector_a"": false, ""h3_capacity"": false, ""h4_lunch"": false, ""h5_org_buffer"": false, ""h6_avail_b"": false, ""h7_precedence_d"": false, ""h8_grid"": false, ""h9_complete"": false, ""s1_quiet_c"": false}",,False,experiments/results/E1/raw_outputs/CSIR-SIR/CP/CP-01-06_r2.json,0
2026-08-25T06:38:15,NL-opt,CP,CP-02,CP-02-04,2,0.7,1,0,67145,0,0.0,False,True,306,2048,449,0,0,0,0,0,0,0,449,True,False,,"{""hard_violations"": 5, ""h1_skills"": false, ""h2_coverage"": false, ""h3_caps"": false, ""h4_t1_before_t3"": false, ""h5_t4_restriction"": false, ""s1_t2_early"": false, ""s2_balance"": false, ""s3_low_switching"": false}",,False,experiments/results/E1/raw_outputs/NL-opt/CP/CP-02-04_r2.json,0
2026-08-25T06:40:20,CSIR-SIR,CP,CP-02,CP-02-02,2,0.7,4,3,11973,194215,0.0,False,False,156,279,295,0,0,1684,2048,3424,4096,1368,295,False,True,json:no JSON object found,"{""checker_exception"": ""AttributeError(\""'str' object has no attribute 'items'\"")""}",,False,experiments/results/E1/raw_outputs/CSIR-SIR/CP/CP-02-02_r2.json,0
2026-08-25T06:40:52,JSON,CP,CP-02,CP-02-02,2,0.7,3,0,221918,0,0.0,False,False,299,2048,389,1430,4096,0,0,0,0,0,389,True,False,,{},parse: no JSON object found,False,experiments/results/E1/raw_outputs/JSON/CP/CP-02-02_r2.json,0
2026-08-25T06:41:00,JSON,CP,CP-02,CP-02-04,2,0.7,3,0,231148,0,0.0,False,False,299,2048,389,1430,4096,0,0,0,0,0,389,True,False,,{},parse: no JSON object found,False,experiments/results/E1/raw_outputs/JSON/CP/CP-02-04_r2.json,0
2026-08-25T06:42:20,CSIR-SIR,CP,CP-02,CP-02-04,2,0.7,4,3,40711,140697,0.0,False,False,156,1160,295,0,0,1684,2048,3424,4096,1368,295,False,True,json:no JSON object found,"{""checker_exception"": ""AttributeError(\""'str' object has no attribute 'items'\"")""}",,False,experiments/results/E1/raw_outputs/CSIR-SIR/CP/CP-02-04_r2.json,0
2026-08-25T06:42:22,JSON,CP,CP-02,CP-02-06,2,0.7,1,0,47473,0,1.0,True,True,299,1517,389,0,0,0,0,0,0,0,389,True,False,,"{""hard_violations"": 0, ""h1_skills"": true, ""h2_coverage"": true, ""h3_caps"": true, ""h4_t1_before_t3"": true, ""h5_t4_restriction"": true, ""s1_t2_early"": true, ""s2_balance"": true, ""s3_low_switching"": true}",,False,experiments/results/E1/raw_outputs/JSON/CP/CP-02-06_r2.json,0
2026-08-25T06:42:24,NL-opt,CP,CP-02,CP-02-06,2,0.7,1,0,81904,0,0.0,False,True,306,2048,449,0,0,0,0,0,0,0,449,True,False,,"{""hard_violations"": 5, ""h1_skills"": false, ""h2_coverage"": false, ""h3_caps"": false, ""h4_t1_before_t3"": false, ""h5_t4_restriction"": false, ""s1_t2_early"": false, ""s2_balance"": false, ""s3_low_switching"": false}",,False,experiments/results/E1/raw_outputs/NL-opt/CP/CP-02-06_r2.json,0
2026-08-25T06:42:37,JSON,CP,CP-03,CP-03-00,2,0.7,1,0,14560,0,0.8571,False,True,238,470,389,0,0,0,0,0,0,0,389,True,False,,"{""hard_violations"": 1, ""h1_branch_first"": true, ""h2_dry_before_tag"": true, ""h3_retry_bound"": false, ""h4_notes_after_tag"": true, ""h5_announce_after_playbook"": true, ""h6_legal_conditional"": true, ""h7_tag_gate"": true}",,False,experiments/results/E1/raw_outputs/JSON/CP/CP-03-00_r2.json,0
2026-08-25T06:43:37,NL-opt,CP,CP-03,CP-03-00,2,0.7,1,0,76494,0,0.4286,False,True,245,2048,449,0,0,0,0,0,0,0,449,True,False,,"{""hard_violations"": 4, ""h1_branch_first"": false, ""h2_dry_before_tag"": false, ""h3_retry_bound"": true, ""h4_notes_after_tag"": false, ""h5_announce_after_playbook"": true, ""h6_legal_conditional"": true, ""h7_tag_gate"": false}",,False,experiments/results/E1/raw_outputs/NL-opt/CP/CP-03-00_r2.json,0
2026-08-25T06:43:56,JSON,CP,CP-03,CP-03-02,2,0.7,1,0,19359,0,0.8571,False,True,238,784,389,0,0,0,0,0,0,0,389,True,False,,"{""hard_violations"": 1, ""h1_branch_first"": true, ""h2_dry_before_tag"": true, ""h3_retry_bound"": false, ""h4_notes_after_tag"": true, ""h5_announce_after_playbook"": true, ""h6_legal_conditional"": true, ""h7_tag_gate"": true}",,False,experiments/results/E1/raw_outputs/JSON/CP/CP-03-02_r2.json,0
2026-08-25T06:44:02,NL-opt,CP,CP-03,CP-03-02,2,0.7,1,0,64352,0,0.7143,False,True,245,2047,449,0,0,0,0,0,0,0,449,True,False,,"{""hard_violations"": 2, ""h1_branch_first"": true, ""h2_dry_before_tag"": false, ""h3_retry_bound"": true, ""h4_notes_after_tag"": true, ""h5_announce_after_playbook"": false, ""h6_legal_conditional"": true, ""h7_tag_gate"": true}",,False,experiments/results/E1/raw_outputs/NL-opt/CP/CP-03-02_r2.json,0
2026-08-25T06:44:41,CSIR-SIR,CP,CP-02,CP-02-06,2,0.7,4,3,50928,148149,0.0,False,False,156,1468,295,0,0,1684,2048,3424,4096,1368,295,False,True,json:no JSON object found,"{""checker_exception"": ""AttributeError(\""'str' object has no attribute 'items'\"")""}",,False,experiments/results/E1/raw_outputs/CSIR-SIR/CP/CP-02-06_r2.json,0
2026-08-25T06:45:01,JSON,CP,CP-03,CP-03-04,2,0.7,1,0,19384,0,1.0,True,True,238,670,389,0,0,0,0,0,0,0,389,True,False,,"{""hard_violations"": 0, ""h1_branch_first"": true, ""h2_dry_before_tag"": true, ""h3_retry_bound"": true, ""h4_notes_after_tag"": true, ""h5_announce_after_playbook"": true, ""h6_legal_conditional"": true, ""h7_tag_gate"": true}",,False,experiments/results/E1/raw_outputs/JSON/CP/CP-03-04_r2.json,0
2026-08-25T06:45:12,NL-opt,CP,CP-03,CP-03-04,2,0.7,1,0,69063,0,0.4286,False,True,245,2048,449,0,0,0,0,0,0,0,449,True,False,,"{""hard_violations"": 4, ""h1_branch_first"": false, ""h2_dry_before_tag"": false, ""h3_retry_bound"": true, ""h4_notes_after_tag"": false, ""h5_announce_after_playbook"": true, ""h6_legal_conditional"": true, ""h7_tag_gate"": false}",,False,experiments/results/E1/raw_outputs/NL-opt/CP/CP-03-04_r2.json,0
2026-08-25T06:46:10,CSIR-SIR,CP,CP-03,CP-03-00,2,0.7,4,3,20434,140563,0.4286,False,True,155,485,295,0,0,1623,2048,3302,4096,1368,295,False,True,json:no JSON object found,"{""hard_violations"": 4, ""h1_branch_first"": false, ""h2_dry_before_tag"": false, ""h3_retry_bound"": true, ""h4_notes_after_tag"": false, ""h5_announce_after_playbook"": true, ""h6_legal_conditional"": true, ""h7_tag_gate"": false}",,False,experiments/results/E1/raw_outputs/CSIR-SIR/CP/CP-03-00_r2.json,0
2026-08-25T06:46:27,JSON,CP,CP-03,CP-03-06,2,0.7,1,0,17320,0,0.8571,False,True,238,557,389,0,0,0,0,0,0,0,389,True,False,,"{""hard_violations"": 1, ""h1_branch_first"": true, ""h2_dry_before_tag"": true, ""h3_retry_bound"": false, ""h4_notes_after_tag"": true, ""h5_announce_after_playbook"": true, ""h6_legal_conditional"": true, ""h7_tag_gate"": true}",,False,experiments/results/E1/raw_outputs/JSON/CP/CP-03-06_r2.json,0
2026-08-25T06:46:36,CSIR-SIR,CP,CP-03,CP-03-02,2,0.7,4,3,14770,143445,0.4286,False,True,155,391,295,0,0,1623,2048,3302,4096,1368,295,False,True,json:no JSON object found,"{""hard_violations"": 4, ""h1_branch_first"": false, ""h2_dry_before_tag"": false, ""h3_retry_bound"": true, ""h4_notes_after_tag"": false, ""h5_announce_after_playbook"": true, ""h6_legal_conditional"": true, ""h7_tag_gate"": false}",,False,experiments/results/E1/raw_outputs/CSIR-SIR/CP/CP-03-02_r2.json,0
2026-08-25T06:46:58,NL-opt,CP,CP-03,CP-03-06,2,0.7,1,0,63722,0,0.4286,False,True,245,2048,449,0,0,0,0,0,0,0,449,True,False,,"{""hard_violations"": 4, ""h1_branch_first"": false, ""h2_dry_before_tag"": false, ""h3_retry_bound"": true, ""h4_notes_after_tag"": false, ""h5_announce_after_playbook"": true, ""h6_legal_conditional"": true, ""h7_tag_gate"": false}",,False,experiments/results/E1/raw_outputs/NL-opt/CP/CP-03-06_r2.json,0
2026-08-25T06:46:59,NL-opt,CP,CP-04,CP-04-00,2,0.7,1,0,23550,0,1.0,True,True,245,494,449,0,0,0,0,0,0,0,449,True,False,,"{""hard_violations"": 0, ""h1_all_seated_once"": true, ""h2_host_seat1"": true, ""h3_not_adj_AB"": true, ""h4_not_adj_CD"": true, ""h5_adj_EF"": true, ""s1_GH_pref"": true}",,False,experiments/results/E1/raw_outputs/NL-opt/CP/CP-04-00_r2.json,0
2026-08-25T06:47:14,JSON,CP,CP-04,CP-04-00,2,0.7,1,0,15983,0,1.0,True,True,238,478,389,0,0,0,0,0,0,0,389,True,False,,"{""hard_violations"": 0, ""h1_all_seated_once"": true, ""h2_host_seat1"": true, ""h3_not_adj_AB"": true, ""h4_not_adj_CD"": true, ""h5_adj_EF"": true, ""s1_GH_pref"": true}",,False,experiments/results/E1/raw_outputs/JSON/CP/CP-04-00_r2.json,0
2026-08-25T06:47:56,NL-opt,CP,CP-04,CP-04-02,2,0.7,1,0,20281,0,1.0,True,True,230,536,449,0,0,0,0,0,0,0,449,True,False,,"{""hard_violations"": 0, ""h1_all_seated_once"": true, ""h2_host_seat1"": true, ""h3_not_adj_AB"": true, ""h4_not_adj_CD"": true, ""h5_adj_EF"": true}",,False,experiments/results/E1/raw_outputs/NL-opt/CP/CP-04-02_r2.json,0
2026-08-25T06:48:17,JSON,CP,CP-04,CP-04-02,2,0.7,1,0,20552,0,0.8,False,True,223,452,389,0,0,0,0,0,0,0,389,True,False,,"{""hard_violations"": 1, ""h1_all_seated_once"": true, ""h2_host_seat1"": true, ""h3_not_adj_AB"": true, ""h4_not_adj_CD"": false, ""h5_adj_EF"": true}",,False,experiments/results/E1/raw_outputs/JSON/CP/CP-04-02_r2.json,0
2026-08-25T06:49:24,CSIR-SIR,CP,CP-03,CP-03-06,2,0.7,4,3,13026,141968,0.4286,False,True,155,345,295,0,0,1623,2048,3302,4096,1368,295,False,True,json:no JSON object found,"{""hard_violations"": 4, ""h1_branch_first"": false, ""h2_dry_before_tag"": false, ""h3_retry_bound"": true, ""h4_notes_after_tag"": false, ""h5_announce_after_playbook"": true, ""h6_legal_conditional"": true, ""h7_tag_gate"": false}",,False,experiments/results/E1/raw_outputs/CSIR-SIR/CP/CP-03-06_r2.json,0
2026-08-25T06:49:46,NL-opt,CP,CP-04,CP-04-04,2,0.7,1,0,21812,0,1.0,True,True,232,536,449,0,0,0,0,0,0,0,449,True,False,,"{""hard_violations"": 0, ""h1_all_seated_once"": true, ""h2_host_seat1"": true, ""h3_not_adj_AB"": true, ""h4_not_adj_CD"": true, ""h5_adj_EF"": true}",,False,experiments/results/E1/raw_outputs/NL-opt/CP/CP-04-04_r2.json,0
2026-08-25T06:50:05,CSIR-SIR,CP,CP-03,CP-03-04,2,0.7,4,3,7020,126061,0.4286,False,True,155,154,295,0,0,1623,2048,3302,4096,1368,295,False,True,json:no JSON object found,"{""hard_violations"": 4, ""h1_branch_first"": false, ""h2_dry_before_tag"": false, ""h3_retry_bound"": true, ""h4_notes_after_tag"": false, ""h5_announce_after_playbook"": true, ""h6_legal_conditional"": true, ""h7_tag_gate"": false}",,False,experiments/results/E1/raw_outputs/CSIR-SIR/CP/CP-03-04_r2.json,0
2026-08-25T06:50:22,CSIR-SIR,CP,CP-04,CP-04-00,2,0.7,4,3,8193,151457,0.0,False,True,167,224,295,0,0,1623,2048,3302,4096,1368,295,False,True,json:no JSON object found,"{""hard_violations"": 5, ""h1_all_seated_once"": false, ""h2_host_seat1"": false, ""h3_not_adj_AB"": false, ""h4_not_adj_CD"": false, ""h5_adj_EF"": false, ""s1_GH_pref"": false}",,False,experiments/results/E1/raw_outputs/CSIR-SIR/CP/CP-04-00_r2.json,0
2026-08-25T06:51:07,NL-opt,CP,CP-04,CP-04-06,2,0.7,1,0,45382,0,0.5,False,True,249,1208,449,0,0,0,0,0,0,0,449,True,False,,"{""hard_violations"": 3, ""h1_all_seated_once"": false, ""h2_host_seat1"": true, ""h3_not_adj_AB"": false, ""h4_not_adj_CD"": false, ""h5_adj_EF"": true, ""s1_GH_pref"": true}",,False,experiments/results/E1/raw_outputs/NL-opt/CP/CP-04-06_r2.json,0
2026-08-25T06:51:35,CSIR-SIR,CP,CP-04,CP-04-02,2,0.7,4,3,7144,147156,0.0,False,True,167,162,295,0,0,1608,2048,3272,4096,1368,295,False,True,json:no JSON object found,"{""hard_violations"": 5, ""h1_all_seated_once"": false, ""h2_host_seat1"": false, ""h3_not_adj_AB"": false, ""h4_not_adj_CD"": false, ""h5_adj_EF"": false}",,False,experiments/results/E1/raw_outputs/CSIR-SIR/CP/CP-04-02_r2.json,0
2026-08-25T06:51:36,JSON,CP,CP-04,CP-04-06,2,0.7,1,0,28660,0,1.0,True,True,242,669,389,0,0,0,0,0,0,0,389,True,False,,"{""hard_violations"": 0, ""h1_all_seated_once"": true, ""h2_host_seat1"": true, ""h3_not_adj_AB"": true, ""h4_not_adj_CD"": true, ""h5_adj_EF"": true, ""s1_GH_pref"": true}",,False,experiments/results/E1/raw_outputs/JSON/CP/CP-04-06_r2.json,0
2026-08-25T06:51:39,JSON,CP,CP-04,CP-04-04,2,0.7,1,0,26137,0,1.0,True,True,225,913,389,0,0,0,0,0,0,0,389,True,False,,"{""hard_violations"": 0, ""h1_all_seated_once"": true, ""h2_host_seat1"": true, ""h3_not_adj_AB"": true, ""h4_not_adj_CD"": true, ""h5_adj_EF"": true}",,False,experiments/results/E1/raw_outputs/JSON/CP/CP-04-04_r2.json,0
2026-08-25T06:52:02,JSON,CP,CP-05,CP-05-00,2,0.7,1,0,23106,0,1.0,True,True,267,735,389,0,0,0,0,0,0,0,389,True,False,,"{""hard_violations"": 0, ""h1_sum_exact"": true, ""h2_infra_floor"": true, ""h3_training_cap"": true, ""h4_ev_tool_cap"": true, ""h5_veto"": true, ""s1_training_pref"": true, ""s2_events_headroom"": true, ""s3_infra_headroom"": true}",,False,experiments/results/E1/raw_outputs/JSON/CP/CP-05-00_r2.json,0
2026-08-25T06:53:12,CSIR-SIR,CP,CP-04,CP-04-04,2,0.7,4,3,12147,152394,0.0,False,True,167,355,295,0,0,1610,2048,3276,4096,1368,295,False,True,json:no JSON object found,"{""hard_violations"": 5, ""h1_all_seated_once"": false, ""h2_host_seat1"": false, ""h3_not_adj_AB"": false, ""h4_not_adj_CD"": false, ""h5_adj_EF"": false}",,False,experiments/results/E1/raw_outputs/CSIR-SIR/CP/CP-04-04_r2.json,0
2026-08-25T06:53:19,NL-opt,CP,CP-05,CP-05-00,2,0.7,1,0,79036,0,0.0,False,True,274,2048,449,0,0,0,0,0,0,0,449,True,False,,"{""hard_violations"": 5, ""h1_sum_exact"": false, ""h2_infra_floor"": false, ""h3_training_cap"": false, ""h4_ev_tool_cap"": false, ""h5_veto"": false, ""s1_training_pref"": false, ""s2_events_headroom"": false, ""s3_infra_headroom"": false}",,False,experiments/results/E1/raw_outputs/NL-opt/CP/CP-05-00_r2.json,0
2026-08-25T06:54:44,NL-opt,CP,CP-05,CP-05-02,2,0.7,1,0,48666,0,1.0,True,True,274,1673,449,0,0,0,0,0,0,0,449,True,False,,"{""hard_violations"": 0, ""h1_sum_exact"": true, ""h2_infra_floor"": true, ""h3_training_cap"": true, ""h4_ev_tool_cap"": true, ""h5_veto"": true, ""s1_training_pref"": true, ""s2_events_headroom"": true, ""s3_infra_headroom"": true}",,False,experiments/results/E1/raw_outputs/NL-opt/CP/CP-05-02_r2.json,0
2026-08-25T06:54:57,CSIR-SIR,CP,CP-04,CP-04-06,2,0.7,4,3,10643,148574,0.0,False,True,167,290,295,0,0,1627,2048,3310,4096,1368,295,False,True,json:no JSON object found,"{""hard_violations"": 5, ""h1_all_seated_once"": false, ""h2_host_seat1"": false, ""h3_not_adj_AB"": false, ""h4_not_adj_CD"": false, ""h5_adj_EF"": false, ""s1_GH_pref"": false}",,False,experiments/results/E1/raw_outputs/CSIR-SIR/CP/CP-04-06_r2.json,0
2026-08-25T06:54:58,JSON,CP,CP-05,CP-05-02,2,0.7,2,0,99167,0,1.0,True,True,267,2048,389,683,542,0,0,0,0,0,389,True,False,,"{""hard_violations"": 0, ""h1_sum_exact"": true, ""h2_infra_floor"": true, ""h3_training_cap"": true, ""h4_ev_tool_cap"": true, ""h5_veto"": true, ""s1_training_pref"": true, ""s2_events_headroom"": true, ""s3_infra_headroom"": true}",,False,experiments/results/E1/raw_outputs/JSON/CP/CP-05-02_r2.json,0
2026-08-25T06:55:40,CSIR-SIR,CP,CP-05,CP-05-00,2,0.7,4,3,9883,144035,0.0,False,True,158,288,295,0,0,1652,2048,3360,4096,1368,295,False,True,json:no JSON object found,"{""hard_violations"": 5, ""h1_sum_exact"": false, ""h2_infra_floor"": false, ""h3_training_cap"": false, ""h4_ev_tool_cap"": false, ""h5_veto"": false, ""s1_training_pref"": false, ""s2_events_headroom"": false, ""s3_infra_headroom"": false}",,False,experiments/results/E1/raw_outputs/CSIR-SIR/CP/CP-05-00_r2.json,0
2026-08-25T06:55:42,NL-opt,CP,CP-05,CP-05-04,2,0.7,1,0,44461,0,1.0,True,True,274,1426,449,0,0,0,0,0,0,0,449,True,False,,"{""hard_violations"": 0, ""h1_sum_exact"": true, ""h2_infra_floor"": true, ""h3_training_cap"": true, ""h4_ev_tool_cap"": true, ""h5_veto"": true, ""s1_training_pref"": true, ""s2_events_headroom"": true, ""s3_infra_headroom"": true}",,False,experiments/results/E1/raw_outputs/NL-opt/CP/CP-05-04_r2.json,0
2026-08-25T06:56:37,NL-opt,CP,CP-05,CP-05-06,2,0.7,1,0,53960,0,0.0,False,True,274,1961,449,0,0,0,0,0,0,0,449,True,False,,"{""hard_violations"": 5, ""h1_sum_exact"": false, ""h2_infra_floor"": false, ""h3_training_cap"": false, ""h4_ev_tool_cap"": false, ""h5_veto"": false, ""s1_training_pref"": false, ""s2_events_headroom"": false, ""s3_infra_headroom"": false}",,False,experiments/results/E1/raw_outputs/NL-opt/CP/CP-05-06_r2.json,0
2026-08-25T06:56:42,JSON,CP,CP-05,CP-05-04,2,0.7,1,0,39223,0,1.0,True,True,267,1065,389,0,0,0,0,0,0,0,389,True,False,,"{""hard_violations"": 0, ""h1_sum_exact"": true, ""h2_infra_floor"": true, ""h3_training_cap"": true, ""h4_ev_tool_cap"": true, ""h5_veto"": true, ""s1_training_pref"": true, ""s2_events_headroom"": true, ""s3_infra_headroom"": true}",,False,experiments/results/E1/raw_outputs/JSON/CP/CP-05-04_r2.json,0
2026-08-25T06:56:56,JSON,CP,CP-05,CP-05-06,2,0.7,1,0,18584,0,1.0,True,True,267,718,389,0,0,0,0,0,0,0,389,True,False,,"{""hard_violations"": 0, ""h1_sum_exact"": true, ""h2_infra_floor"": true, ""h3_training_cap"": true, ""h4_ev_tool_cap"": true, ""h5_veto"": true, ""s1_training_pref"": true, ""s2_events_headroom"": true, ""s3_infra_headroom"": true}",,False,experiments/results/E1/raw_outputs/JSON/CP/CP-05-06_r2.json,0
2026-08-25T06:58:22,NL-opt,CP,CP-01,CP-01-00,3,0.7,1,0,86503,0,0.0,False,True,314,2048,449,0,0,0,0,0,0,0,449,True,False,,"{""hard_violations"": 9, ""h1_dur_a"": false, ""h2_projector_a"": false, ""h3_capacity"": false, ""h4_lunch"": false, ""h5_org_buffer"": false, ""h6_avail_b"": false, ""h7_precedence_d"": false, ""h8_grid"": false, ""h9_complete"": false, ""s1_quiet_c"": false}",,False,experiments/results/E1/raw_outputs/NL-opt/CP/CP-01-00_r3.json,0
2026-08-25T06:58:42,CSIR-SIR,CP,CP-05,CP-05-02,2,0.7,4,3,6850,145503,0.0,False,True,158,174,295,0,0,1652,2048,3360,4096,1368,295,False,True,json:no JSON object found,"{""hard_violations"": 5, ""h1_sum_exact"": false, ""h2_infra_floor"": false, ""h3_training_cap"": false, ""h4_ev_tool_cap"": false, ""h5_veto"": false, ""s1_training_pref"": false, ""s2_events_headroom"": false, ""s3_infra_headroom"": false}",,False,experiments/results/E1/raw_outputs/CSIR-SIR/CP/CP-05-02_r2.json,0
2026-08-25T06:58:59,CSIR-SIR,CP,CP-05,CP-05-06,2,0.7,4,3,7669,129156,0.0,False,True,158,215,295,0,0,1652,2048,3360,4096,1368,295,False,True,json:no JSON object found,"{""hard_violations"": 5, ""h1_sum_exact"": false, ""h2_infra_floor"": false, ""h3_training_cap"": false, ""h4_ev_tool_cap"": false, ""h5_veto"": false, ""s1_training_pref"": false, ""s2_events_headroom"": false, ""s3_infra_headroom"": false}",,False,experiments/results/E1/raw_outputs/CSIR-SIR/CP/CP-05-06_r2.json,0
2026-08-25T06:59:17,CSIR-SIR,CP,CP-05,CP-05-04,2,0.7,4,3,8167,144984,0.0,False,True,158,215,295,0,0,1652,2048,3360,4096,1368,295,False,True,json:no JSON object found,"{""hard_violations"": 5, ""h1_sum_exact"": false, ""h2_infra_floor"": false, ""h3_training_cap"": false, ""h4_ev_tool_cap"": false, ""h5_veto"": false, ""s1_training_pref"": false, ""s2_events_headroom"": false, ""s3_infra_headroom"": false}",,False,experiments/results/E1/raw_outputs/CSIR-SIR/CP/CP-05-04_r2.json,0
2026-08-25T06:59:20,JSON,CP,CP-01,CP-01-00,3,0.7,1,0,57574,0,1.0,True,True,307,1762,389,0,0,0,0,0,0,0,389,True,False,,"{""hard_violations"": 0, ""h1_dur_a"": true, ""h2_projector_a"": true, ""h3_capacity"": true, ""h4_lunch"": true, ""h5_org_buffer"": true, ""h6_avail_b"": true, ""h7_precedence_d"": true, ""h8_grid"": true, ""h9_complete"": true, ""s1_quiet_c"": true}",,False,experiments/results/E1/raw_outputs/JSON/CP/CP-01-00_r3.json,0
2026-08-25T07:00:49,NL-opt,CP,CP-01,CP-01-02,3,0.7,1,0,66205,0,0.0,False,True,314,2048,449,0,0,0,0,0,0,0,449,True,False,,"{""hard_violations"": 9, ""h1_dur_a"": false, ""h2_projector_a"": false, ""h3_capacity"": false, ""h4_lunch"": false, ""h5_org_buffer"": false, ""h6_avail_b"": false, ""h7_precedence_d"": false, ""h8_grid"": false, ""h9_complete"": false, ""s1_quiet_c"": false}",,False,experiments/results/E1/raw_outputs/NL-opt/CP/CP-01-02_r3.json,0
2026-08-25T07:01:35,JSON,CP,CP-01,CP-01-02,3,0.7,2,0,116855,0,1.0,True,True,307,2048,389,723,1531,0,0,0,0,0,389,True,False,,"{""hard_violations"": 0, ""h1_dur_a"": true, ""h2_projector_a"": true, ""h3_capacity"": true, ""h4_lunch"": true, ""h5_org_buffer"": true, ""h6_avail_b"": true, ""h7_precedence_d"": true, ""h8_grid"": true, ""h9_complete"": true, ""s1_quiet_c"": true}",,False,experiments/results/E1/raw_outputs/JSON/CP/CP-01-02_r3.json,0
2026-08-25T07:02:19,NL-opt,CP,CP-01,CP-01-04,3,0.7,1,0,67464,0,0.0,False,True,314,2048,449,0,0,0,0,0,0,0,449,True,False,,"{""hard_violations"": 9, ""h1_dur_a"": false, ""h2_projector_a"": false, ""h3_capacity"": false, ""h4_lunch"": false, ""h5_org_buffer"": false, ""h6_avail_b"": false, ""h7_precedence_d"": false, ""h8_grid"": false, ""h9_complete"": false, ""s1_quiet_c"": false}",,False,experiments/results/E1/raw_outputs/NL-opt/CP/CP-01-04_r3.json,0
2026-08-25T07:02:51,JSON,CP,CP-01,CP-01-04,3,0.7,1,0,54760,0,1.0,True,True,307,1841,389,0,0,0,0,0,0,0,389,True,False,,"{""hard_violations"": 0, ""h1_dur_a"": true, ""h2_projector_a"": true, ""h3_capacity"": true, ""h4_lunch"": true, ""h5_org_buffer"": true, ""h6_avail_b"": true, ""h7_precedence_d"": true, ""h8_grid"": true, ""h9_complete"": true, ""s1_quiet_c"": true}",,False,experiments/results/E1/raw_outputs/JSON/CP/CP-01-04_r3.json,0
2026-08-25T07:02:54,CSIR-SIR,CP,CP-01,CP-01-00,3,0.7,4,3,28371,137764,0.0,False,False,178,735,295,0,0,1692,2048,3440,4096,1368,295,False,True,json:no JSON object found,"{""checker_exception"": ""TypeError(\""unsupported operand type(s) for -: 'NoneType' and 'int'\"")""}",,False,experiments/results/E1/raw_outputs/CSIR-SIR/CP/CP-01-00_r3.json,0
2026-08-25T07:04:03,NL-opt,CP,CP-01,CP-01-06,3,0.7,1,0,71425,0,0.0,False,True,314,2048,449,0,0,0,0,0,0,0,449,True,False,,"{""hard_violations"": 9, ""h1_dur_a"": false, ""h2_projector_a"": false, ""h3_capacity"": false, ""h4_lunch"": false, ""h5_org_buffer"": false, ""h6_avail_b"": false, ""h7_precedence_d"": false, ""h8_grid"": false, ""h9_complete"": false, ""s1_quiet_c"": false}",,False,experiments/results/E1/raw_outputs/NL-opt/CP/CP-01-06_r3.json,0
2026-08-25T07:06:11,CSIR-SIR,CP,CP-01,CP-01-04,3,0.7,4,3,13293,131986,0.0,False,False,178,412,295,0,0,1692,2048,3440,4096,1368,295,False,True,json:no JSON object found,"{""checker_exception"": ""AttributeError(\""'str' object has no attribute 'get'\"")""}",,False,experiments/results/E1/raw_outputs/CSIR-SIR/CP/CP-01-04_r3.json,0
2026-08-25T07:06:29,CSIR-SIR,CP,CP-01,CP-01-02,3,0.7,5,3,59588,133441,0.0,False,False,178,789,295,493,1226,1692,2048,3440,4096,1368,295,False,True,json:no JSON object found,"{""checker_exception"": ""AttributeError(\""'str' object has no attribute 'get'\"")""}",,False,experiments/results/E1/raw_outputs/CSIR-SIR/CP/CP-01-02_r3.json,0
2026-08-25T07:07:14,JSON,CP,CP-02,CP-02-00,3,0.7,1,0,44839,0,0.875,True,True,299,1491,389,0,0,0,0,0,0,0,389,True,False,,"{""hard_violations"": 0, ""h1_skills"": true, ""h2_coverage"": true, ""h3_caps"": true, ""h4_t1_before_t3"": true, ""h5_t4_restriction"": true, ""s1_t2_early"": true, ""s2_balance"": false, ""s3_low_switching"": true}",,False,experiments/results/E1/raw_outputs/JSON/CP/CP-02-00_r3.json,0
2026-08-25T07:07:18,JSON,CP,CP-01,CP-01-06,3,0.7,3,0,200441,0,1.0,True,True,307,2048,389,1446,3543,0,0,0,0,0,389,True,False,,"{""hard_violations"": 0, ""h1_dur_a"": true, ""h2_projector_a"": true, ""h3_capacity"": true, ""h4_lunch"": true, ""h5_org_buffer"": true, ""h6_avail_b"": true, ""h7_precedence_d"": true, ""h8_grid"": true, ""h9_complete"": true, ""s1_quiet_c"": true}",,False,experiments/results/E1/raw_outputs/JSON/CP/CP-01-06_r3.json,0
2026-08-25T07:07:19,NL-opt,CP,CP-02,CP-02-00,3,0.7,1,0,67875,0,0.0,False,True,306,2048,449,0,0,0,0,0,0,0,449,True,False,,"{""hard_violations"": 5, ""h1_skills"": false, ""h2_coverage"": false, ""h3_caps"": false, ""h4_t1_before_t3"": false, ""h5_t4_restriction"": false, ""s1_t2_early"": false, ""s2_balance"": false, ""s3_low_switching"": false}",,False,experiments/results/E1/raw_outputs/NL-opt/CP/CP-02-00_r3.json,0
2026-08-25T07:08:26,NL-opt,CP,CP-02,CP-02-02,3,0.7,1,0,67651,0,0.0,False,True,306,2048,449,0,0,0,0,0,0,0,449,True,False,,"{""hard_violations"": 5, ""h1_skills"": false, ""h2_coverage"": false, ""h3_caps"": false, ""h4_t1_before_t3"": false, ""h5_t4_restriction"": false, ""s1_t2_early"": false, ""s2_balance"": false, ""s3_low_switching"": false}",,False,experiments/results/E1/raw_outputs/NL-opt/CP/CP-02-02_r3.json,0
2026-08-25T07:09:05,CSIR-SIR,CP,CP-01,CP-01-06,3,0.7,4,3,13939,137910,0.0,False,True,178,423,295,0,0,1692,2048,3440,4096,1368,295,False,True,json:no JSON object found,"{""hard_violations"": 9, ""h1_dur_a"": false, ""h2_projector_a"": false, ""h3_capacity"": false, ""h4_lunch"": false, ""h5_org_buffer"": false, ""h6_avail_b"": false, ""h7_precedence_d"": false, ""h8_grid"": false, ""h9_complete"": false, ""s1_quiet_c"": false}",,False,experiments/results/E1/raw_outputs/CSIR-SIR/CP/CP-01-06_r3.json,0
2026-08-25T07:10:25,NL-opt,CP,CP-02,CP-02-04,3,0.7,1,0,79773,0,0.0,False,True,306,2048,449,0,0,0,0,0,0,0,449,True,False,,"{""hard_violations"": 5, ""h1_skills"": false, ""h2_coverage"": false, ""h3_caps"": false, ""h4_t1_before_t3"": false, ""h5_t4_restriction"": false, ""s1_t2_early"": false, ""s2_balance"": false, ""s3_low_switching"": false}",,False,experiments/results/E1/raw_outputs/NL-opt/CP/CP-02-04_r3.json,0
2026-08-25T07:10:40,CSIR-SIR,CP,CP-02,CP-02-00,3,0.7,4,3,7787,133253,0.0,False,False,156,217,295,0,0,1684,2048,3424,4096,1368,295,False,True,json:no JSON object found,"{""checker_exception"": ""AttributeError(\""'str' object has no attribute 'items'\"")""}",,False,experiments/results/E1/raw_outputs/CSIR-SIR/CP/CP-02-00_r3.json,0
2026-08-25T07:12:22,CSIR-SIR,CP,CP-02,CP-02-02,3,0.7,4,3,7974,142108,0.0,False,True,156,201,295,0,0,1684,2048,3424,4096,1368,295,False,True,json:no JSON object found,"{""hard_violations"": 5, ""h1_skills"": false, ""h2_coverage"": false, ""h3_caps"": false, ""h4_t1_before_t3"": false, ""h5_t4_restriction"": false, ""s1_t2_early"": false, ""s2_balance"": false, ""s3_low_switching"": false}",,False,experiments/results/E1/raw_outputs/CSIR-SIR/CP/CP-02-02_r3.json,0
2026-08-25T07:12:35,JSON,CP,CP-02,CP-02-02,3,0.7,3,0,208443,0,0.0,False,False,299,2048,389,1430,4096,0,0,0,0,0,389,True,False,,{},parse: no JSON object found,False,experiments/results/E1/raw_outputs/JSON/CP/CP-02-02_r3.json,0
2026-08-25T07:13:08,JSON,CP,CP-02,CP-02-06,3,0.7,1,0,32956,0,1.0,True,True,299,1204,389,0,0,0,0,0,0,0,389,True,False,,"{""hard_violations"": 0, ""h1_skills"": true, ""h2_coverage"": true, ""h3_caps"": true, ""h4_t1_before_t3"": true, ""h5_t4_restriction"": true, ""s1_t2_early"": true, ""s2_balance"": true, ""s3_low_switching"": true}",,False,experiments/results/E1/raw_outputs/JSON/CP/CP-02-06_r3.json,0
2026-08-25T07:13:41,NL-opt,CP,CP-02,CP-02-06,3,0.7,1,0,78054,0,0.0,False,True,306,2048,449,0,0,0,0,0,0,0,449,True,False,,"{""hard_violations"": 5, ""h1_skills"": false, ""h2_coverage"": false, ""h3_caps"": false, ""h4_t1_before_t3"": false, ""h5_t4_restriction"": false, ""s1_t2_early"": false, ""s2_balance"": false, ""s3_low_switching"": false}",,False,experiments/results/E1/raw_outputs/NL-opt/CP/CP-02-06_r3.json,0
2026-08-25T07:14:31,CSIR-SIR,CP,CP-02,CP-02-04,3,0.7,4,3,12297,133843,0.0,False,False,156,319,295,0,0,1684,2048,3424,4096,1368,295,False,True,json:no JSON object found,"{""checker_exception"": ""AttributeError(\""'str' object has no attribute 'items'\"")""}",,False,experiments/results/E1/raw_outputs/CSIR-SIR/CP/CP-02-04_r3.json,0
2026-08-25T07:14:45,JSON,CP,CP-03,CP-03-00,3,0.7,1,0,13492,0,0.8571,False,True,238,506,389,0,0,0,0,0,0,0,389,True,False,,"{""hard_violations"": 1, ""h1_branch_first"": true, ""h2_dry_before_tag"": true, ""h3_retry_bound"": false, ""h4_notes_after_tag"": true, ""h5_announce_after_playbook"": true, ""h6_legal_conditional"": true, ""h7_tag_gate"": true}",,False,experiments/results/E1/raw_outputs/JSON/CP/CP-03-00_r3.json,0
2026-08-25T07:14:47,JSON,CP,CP-02,CP-02-04,3,0.7,3,0,241411,0,0.0,False,False,299,2048,389,1430,4096,0,0,0,0,0,389,True,False,,{},parse: no JSON object found,False,experiments/results/E1/raw_outputs/JSON/CP/CP-02-04_r3.json,0
2026-08-25T07:15:20,NL-opt,CP,CP-03,CP-03-00,3,0.7,1,0,56408,0,0.5714,False,True,245,2035,449,0,0,0,0,0,0,0,449,True,False,,"{""hard_violations"": 3, ""h1_branch_first"": true, ""h2_dry_before_tag"": false, ""h3_retry_bound"": false, ""h4_notes_after_tag"": false, ""h5_announce_after_playbook"": true, ""h6_legal_conditional"": true, ""h7_tag_gate"": true}",,False,experiments/results/E1/raw_outputs/NL-opt/CP/CP-03-00_r3.json,0
2026-08-25T07:15:32,JSON,CP,CP-03,CP-03-02,3,0.7,1,0,11752,0,1.0,True,True,238,494,389,0,0,0,0,0,0,0,389,True,False,,"{""hard_violations"": 0, ""h1_branch_first"": true, ""h2_dry_before_tag"": true, ""h3_retry_bound"": true, ""h4_notes_after_tag"": true, ""h5_announce_after_playbook"": true, ""h6_legal_conditional"": true, ""h7_tag_gate"": true}",,False,experiments/results/E1/raw_outputs/JSON/CP/CP-03-02_r3.json,0
2026-08-25T07:15:57,NL-opt,CP,CP-03,CP-03-02,3,0.7,1,0,69192,0,0.4286,False,True,245,2048,449,0,0,0,0,0,0,0,449,True,False,,"{""hard_violations"": 4, ""h1_branch_first"": false, ""h2_dry_before_tag"": false, ""h3_retry_bound"": true, ""h4_notes_after_tag"": false, ""h5_announce_after_playbook"": true, ""h6_legal_conditional"": true, ""h7_tag_gate"": false}",,False,experiments/results/E1/raw_outputs/NL-opt/CP/CP-03-02_r3.json,0
2026-08-25T07:16:37,CSIR-SIR,CP,CP-02,CP-02-06,3,0.7,4,3,6630,135918,0.0,False,True,156,161,295,0,0,1684,2048,3424,4096,1368,295,False,True,json:no JSON object found,"{""hard_violations"": 5, ""h1_skills"": false, ""h2_coverage"": false, ""h3_caps"": false, ""h4_t1_before_t3"": false, ""h5_t4_restriction"": false, ""s1_t2_early"": false, ""s2_balance"": false, ""s3_low_switching"": false}",,False,experiments/results/E1/raw_outputs/CSIR-SIR/CP/CP-02-06_r3.json,0
2026-08-25T07:17:35,JSON,CP,CP-03,CP-03-04,3,0.7,1,0,15709,0,0.8571,False,True,238,575,389,0,0,0,0,0,0,0,389,True,False,,"{""hard_violations"": 1, ""h1_branch_first"": true, ""h2_dry_before_tag"": true, ""h3_retry_bound"": false, ""h4_notes_after_tag"": true, ""h5_announce_after_playbook"": true, ""h6_legal_conditional"": true, ""h7_tag_gate"": true}",,False,experiments/results/E1/raw_outputs/JSON/CP/CP-03-04_r3.json,0
2026-08-25T07:17:44,NL-opt,CP,CP-03,CP-03-04,3,0.7,1,0,63228,0,0.5714,False,True,245,2048,449,0,0,0,0,0,0,0,449,True,False,,"{""hard_violations"": 3, ""h1_branch_first"": true, ""h2_dry_before_tag"": false, ""h3_retry_bound"": false, ""h4_notes_after_tag"": true, ""h5_announce_after_playbook"": false, ""h6_legal_conditional"": true, ""h7_tag_gate"": true}",,False,experiments/results/E1/raw_outputs/NL-opt/CP/CP-03-04_r3.json,0
2026-08-25T07:19:14,CSIR-SIR,CP,CP-03,CP-03-02,3,0.7,4,3,18968,138505,0.4286,False,True,155,533,295,0,0,1623,2048,3302,4096,1368,295,False,True,json:no JSON object found,"{""hard_violations"": 4, ""h1_branch_first"": false, ""h2_dry_before_tag"": false, ""h3_retry_bound"": true, ""h4_notes_after_tag"": false, ""h5_announce_after_playbook"": true, ""h6_legal_conditional"": true, ""h7_tag_gate"": false}",,False,experiments/results/E1/raw_outputs/CSIR-SIR/CP/CP-03-02_r3.json,0
2026-08-25T07:20:14,CSIR-SIR,CP,CP-03,CP-03-00,3,0.7,4,3,10679,147512,0.4286,False,True,155,282,295,0,0,1623,2048,3302,4096,1368,295,False,True,json:no JSON object found,"{""hard_violations"": 4, ""h1_branch_first"": false, ""h2_dry_before_tag"": false, ""h3_retry_bound"": true, ""h4_notes_after_tag"": false, ""h5_announce_after_playbook"": true, ""h6_legal_conditional"": true, ""h7_tag_gate"": false}",,False,experiments/results/E1/raw_outputs/CSIR-SIR/CP/CP-03-00_r3.json,0
2026-08-25T07:20:15,JSON,CP,CP-03,CP-03-06,3,0.7,1,0,18792,0,0.8571,False,True,238,709,389,0,0,0,0,0,0,0,389,True,False,,"{""hard_violations"": 1, ""h1_branch_first"": true, ""h2_dry_before_tag"": true, ""h3_retry_bound"": false, ""h4_notes_after_tag"": true, ""h5_announce_after_playbook"": true, ""h6_legal_conditional"": true, ""h7_tag_gate"": true}",,False,experiments/results/E1/raw_outputs/JSON/CP/CP-03-06_r3.json,0
2026-08-25T07:21:46,NL-opt,CP,CP-03,CP-03-06,3,0.7,1,0,71265,0,0.4286,False,True,245,2048,449,0,0,0,0,0,0,0,449,True,False,,"{""hard_violations"": 4, ""h1_branch_first"": false, ""h2_dry_before_tag"": false, ""h3_retry_bound"": true, ""h4_notes_after_tag"": false, ""h5_announce_after_playbook"": true, ""h6_legal_conditional"": true, ""h7_tag_gate"": false}",,False,experiments/results/E1/raw_outputs/NL-opt/CP/CP-03-06_r3.json,0
2026-08-25T07:21:57,CSIR-SIR,CP,CP-03,CP-03-04,3,0.7,4,3,8501,142947,0.4286,False,True,155,214,295,0,0,1623,2048,3302,4096,1368,295,False,True,json:no JSON object found,"{""hard_violations"": 4, ""h1_branch_first"": false, ""h2_dry_before_tag"": false, ""h3_retry_bound"": true, ""h4_notes_after_tag"": false, ""h5_announce_after_playbook"": true, ""h6_legal_conditional"": true, ""h7_tag_gate"": false}",,False,experiments/results/E1/raw_outputs/CSIR-SIR/CP/CP-03-04_r3.json,0
2026-08-25T07:23:03,JSON,CP,CP-04,CP-04-00,3,0.7,1,0,12342,0,1.0,True,True,238,413,389,0,0,0,0,0,0,0,389,True,False,,"{""hard_violations"": 0, ""h1_all_seated_once"": true, ""h2_host_seat1"": true, ""h3_not_adj_AB"": true, ""h4_not_adj_CD"": true, ""h5_adj_EF"": true, ""s1_GH_pref"": true}",,False,experiments/results/E1/raw_outputs/JSON/CP/CP-04-00_r3.json,0
2026-08-25T07:24:03,NL-opt,CP,CP-04,CP-04-00,3,0.7,1,0,55157,0,1.0,True,True,245,1481,449,0,0,0,0,0,0,0,449,True,False,,"{""hard_violations"": 0, ""h1_all_seated_once"": true, ""h2_host_seat1"": true, ""h3_not_adj_AB"": true, ""h4_not_adj_CD"": true, ""h5_adj_EF"": true, ""s1_GH_pref"": true}",,False,experiments/results/E1/raw_outputs/NL-opt/CP/CP-04-00_r3.json,0
2026-08-25T07:24:10,CSIR-SIR,CP,CP-03,CP-03-06,3,0.7,4,3,17033,131091,0.4286,False,True,155,430,295,0,0,1623,2048,3302,4096,1368,295,False,True,json:no JSON object found,"{""hard_violations"": 4, ""h1_branch_first"": false, ""h2_dry_before_tag"": false, ""h3_retry_bound"": true, ""h4_notes_after_tag"": false, ""h5_announce_after_playbook"": true, ""h6_legal_conditional"": true, ""h7_tag_gate"": false}",,False,experiments/results/E1/raw_outputs/CSIR-SIR/CP/CP-03-06_r3.json,0
2026-08-25T07:24:19,JSON,CP,CP-04,CP-04-02,3,0.7,1,0,16054,0,0.8,False,True,223,430,389,0,0,0,0,0,0,0,389,True,False,,"{""hard_violations"": 1, ""h1_all_seated_once"": true, ""h2_host_seat1"": true, ""h3_not_adj_AB"": true, ""h4_not_adj_CD"": false, ""h5_adj_EF"": true}",,False,experiments/results/E1/raw_outputs/JSON/CP/CP-04-02_r3.json,0
2026-08-25T07:25:26,NL-opt,CP,CP-04,CP-04-02,3,0.7,1,0,57903,0,1.0,True,True,230,1560,449,0,0,0,0,0,0,0,449,True,False,,"{""hard_violations"": 0, ""h1_all_seated_once"": true, ""h2_host_seat1"": true, ""h3_not_adj_AB"": true, ""h4_not_adj_CD"": true, ""h5_adj_EF"": true}",,False,experiments/results/E1/raw_outputs/NL-opt/CP/CP-04-02_r3.json,0
2026-08-25T07:25:40,JSON,CP,CP-04,CP-04-04,3,0.7,1,0,13485,0,1.0,True,True,225,401,389,0,0,0,0,0,0,0,389,True,False,,"{""hard_violations"": 0, ""h1_all_seated_once"": true, ""h2_host_seat1"": true, ""h3_not_adj_AB"": true, ""h4_not_adj_CD"": true, ""h5_adj_EF"": true}",,False,experiments/results/E1/raw_outputs/JSON/CP/CP-04-04_r3.json,0
2026-08-25T07:25:56,NL-opt,CP,CP-04,CP-04-04,3,0.7,1,0,33328,0,1.0,True,True,232,864,449,0,0,0,0,0,0,0,449,True,False,,"{""hard_violations"": 0, ""h1_all_seated_once"": true, ""h2_host_seat1"": true, ""h3_not_adj_AB"": true, ""h4_not_adj_CD"": true, ""h5_adj_EF"": true}",,False,experiments/results/E1/raw_outputs/NL-opt/CP/CP-04-04_r3.json,0
2026-08-25T07:27:43,CSIR-SIR,CP,CP-04,CP-04-02,3,0.7,4,3,8519,139751,0.0,False,True,167,234,295,0,0,1608,2048,3272,4096,1368,295,False,True,json:no JSON object found,"{""hard_violations"": 5, ""h1_all_seated_once"": false, ""h2_host_seat1"": false, ""h3_not_adj_AB"": false, ""h4_not_adj_CD"": false, ""h5_adj_EF"": false}",,False,experiments/results/E1/raw_outputs/CSIR-SIR/CP/CP-04-02_r3.json,0
2026-08-25T07:27:49,NL-opt,CP,CP-04,CP-04-06,3,0.7,1,0,27150,0,0.5,False,True,249,670,449,0,0,0,0,0,0,0,449,True,False,,"{""hard_violations"": 3, ""h1_all_seated_once"": false, ""h2_host_seat1"": true, ""h3_not_adj_AB"": false, ""h4_not_adj_CD"": false, ""h5_adj_EF"": true, ""s1_GH_pref"": true}",,False,experiments/results/E1/raw_outputs/NL-opt/CP/CP-04-06_r3.json,0
2026-08-25T07:28:23,CSIR-SIR,CP,CP-04,CP-04-00,3,0.7,5,3,22339,149378,0.0,False,True,167,386,295,482,257,1623,2048,3302,4096,1368,295,False,True,json:no JSON object found,"{""hard_violations"": 5, ""h1_all_seated_once"": false, ""h2_host_seat1"": false, ""h3_not_adj_AB"": false, ""h4_not_adj_CD"": false, ""h5_adj_EF"": false, ""s1_GH_pref"": false}",,False,experiments/results/E1/raw_outputs/CSIR-SIR/CP/CP-04-00_r3.json,0
2026-08-25T07:28:51,CSIR-SIR,CP,CP-04,CP-04-04,3,0.7,4,3,9715,137098,0.0,False,True,167,302,295,0,0,1610,2048,3276,4096,1368,295,False,True,json:no JSON object found,"{""hard_violations"": 5, ""h1_all_seated_once"": false, ""h2_host_seat1"": false, ""h3_not_adj_AB"": false, ""h4_not_adj_CD"": false, ""h5_adj_EF"": false}",,False,experiments/results/E1/raw_outputs/CSIR-SIR/CP/CP-04-04_r3.json,0
2026-08-25T07:29:19,NL-opt,CP,CP-05,CP-05-00,3,0.7,1,0,56462,0,1.0,True,True,274,2048,449,0,0,0,0,0,0,0,449,True,False,,"{""hard_violations"": 0, ""h1_sum_exact"": true, ""h2_infra_floor"": true, ""h3_training_cap"": true, ""h4_ev_tool_cap"": true, ""h5_veto"": true, ""s1_training_pref"": true, ""s2_events_headroom"": true, ""s3_infra_headroom"": true}",,False,experiments/results/E1/raw_outputs/NL-opt/CP/CP-05-00_r3.json,0
2026-08-25T07:29:20,JSON,CP,CP-04,CP-04-06,3,0.7,1,0,11792,0,1.0,True,True,242,411,389,0,0,0,0,0,0,0,389,True,False,,"{""hard_violations"": 0, ""h1_all_seated_once"": true, ""h2_host_seat1"": true, ""h3_not_adj_AB"": true, ""h4_not_adj_CD"": true, ""h5_adj_EF"": true, ""s1_GH_pref"": true}",,False,experiments/results/E1/raw_outputs/JSON/CP/CP-04-06_r3.json,0
2026-08-25T07:30:18,JSON,CP,CP-05,CP-05-00,3,0.7,1,0,22102,0,1.0,True,True,267,663,389,0,0,0,0,0,0,0,389,True,False,,"{""hard_violations"": 0, ""h1_sum_exact"": true, ""h2_infra_floor"": true, ""h3_training_cap"": true, ""h4_ev_tool_cap"": true, ""h5_veto"": true, ""s1_training_pref"": true, ""s2_events_headroom"": true, ""s3_infra_headroom"": true}",,False,experiments/results/E1/raw_outputs/JSON/CP/CP-05-00_r3.json,0
2026-08-25T07:31:19,NL-opt,CP,CP-05,CP-05-02,3,0.7,1,0,75404,0,0.0,False,True,274,2048,449,0,0,0,0,0,0,0,449,True,False,,"{""hard_violations"": 5, ""h1_sum_exact"": false, ""h2_infra_floor"": false, ""h3_training_cap"": false, ""h4_ev_tool_cap"": false, ""h5_veto"": false, ""s1_training_pref"": false, ""s2_events_headroom"": false, ""s3_infra_headroom"": false}",,False,experiments/results/E1/raw_outputs/NL-opt/CP/CP-05-02_r3.json,0
2026-08-25T07:31:25,JSON,CP,CP-05,CP-05-02,3,0.7,1,0,67004,0,1.0,True,True,267,1905,389,0,0,0,0,0,0,0,389,True,False,,"{""hard_violations"": 0, ""h1_sum_exact"": true, ""h2_infra_floor"": true, ""h3_training_cap"": true, ""h4_ev_tool_cap"": true, ""h5_veto"": true, ""s1_training_pref"": true, ""s2_events_headroom"": true, ""s3_infra_headroom"": true}",,False,experiments/results/E1/raw_outputs/JSON/CP/CP-05-02_r3.json,0
2026-08-25T07:32:33,NL-opt,CP,CP-05,CP-05-04,3,0.7,1,0,68600,0,1.0,True,True,274,1975,449,0,0,0,0,0,0,0,449,True,False,,"{""hard_violations"": 0, ""h1_sum_exact"": true, ""h2_infra_floor"": true, ""h3_training_cap"": true, ""h4_ev_tool_cap"": true, ""h5_veto"": true, ""s1_training_pref"": true, ""s2_events_headroom"": true, ""s3_infra_headroom"": true}",,False,experiments/results/E1/raw_outputs/NL-opt/CP/CP-05-04_r3.json,0
2026-08-25T07:33:09,JSON,CP,CP-05,CP-05-04,3,0.7,1,0,35730,0,1.0,True,True,267,1272,389,0,0,0,0,0,0,0,389,True,False,,"{""hard_violations"": 0, ""h1_sum_exact"": true, ""h2_infra_floor"": true, ""h3_training_cap"": true, ""h4_ev_tool_cap"": true, ""h5_veto"": true, ""s1_training_pref"": true, ""s2_events_headroom"": true, ""s3_infra_headroom"": true}",,False,experiments/results/E1/raw_outputs/JSON/CP/CP-05-04_r3.json,0
2026-08-25T07:33:24,CSIR-SIR,CP,CP-05,CP-05-00,3,0.7,4,3,12579,143480,0.0,False,True,158,279,295,0,0,1652,2048,3360,4096,1368,295,False,True,json:no JSON object found,"{""hard_violations"": 5, ""h1_sum_exact"": false, ""h2_infra_floor"": false, ""h3_training_cap"": false, ""h4_ev_tool_cap"": false, ""h5_veto"": false, ""s1_training_pref"": false, ""s2_events_headroom"": false, ""s3_infra_headroom"": false}",,False,experiments/results/E1/raw_outputs/CSIR-SIR/CP/CP-05-00_r3.json,0
2026-08-25T07:33:25,CSIR-SIR,CP,CP-04,CP-04-06,3,0.7,4,3,12189,149444,0.0,False,True,167,346,295,0,0,1627,2048,3310,4096,1368,295,False,True,json:no JSON object found,"{""hard_violations"": 5, ""h1_all_seated_once"": false, ""h2_host_seat1"": false, ""h3_not_adj_AB"": false, ""h4_not_adj_CD"": false, ""h5_adj_EF"": false, ""s1_GH_pref"": false}",,False,experiments/results/E1/raw_outputs/CSIR-SIR/CP/CP-04-06_r3.json,0
2026-08-25T07:34:02,NL-opt,CP,CP-05,CP-05-06,3,0.7,1,0,37766,0,1.0,True,True,274,1487,449,0,0,0,0,0,0,0,449,True,False,,"{""hard_violations"": 0, ""h1_sum_exact"": true, ""h2_infra_floor"": true, ""h3_training_cap"": true, ""h4_ev_tool_cap"": true, ""h5_veto"": true, ""s1_training_pref"": true, ""s2_events_headroom"": true, ""s3_infra_headroom"": true}",,False,experiments/results/E1/raw_outputs/NL-opt/CP/CP-05-06_r3.json,0
2026-08-25T07:34:14,JSON,CP,CP-05,CP-05-06,3,0.7,1,0,26721,0,1.0,True,True,267,904,389,0,0,0,0,0,0,0,389,True,False,,"{""hard_violations"": 0, ""h1_sum_exact"": true, ""h2_infra_floor"": true, ""h3_training_cap"": true, ""h4_ev_tool_cap"": true, ""h5_veto"": true, ""s1_training_pref"": true, ""s2_events_headroom"": true, ""s3_infra_headroom"": true}",,False,experiments/results/E1/raw_outputs/JSON/CP/CP-05-06_r3.json,0
2026-08-25T07:35:24,CSIR-SIR,CP,CP-05,CP-05-02,3,0.7,4,3,8288,129636,0.0,False,True,158,198,295,0,0,1652,2048,3360,4096,1368,295,False,True,json:no JSON object found,"{""hard_violations"": 5, ""h1_sum_exact"": false, ""h2_infra_floor"": false, ""h3_training_cap"": false, ""h4_ev_tool_cap"": false, ""h5_veto"": false, ""s1_training_pref"": false, ""s2_events_headroom"": false, ""s3_infra_headroom"": false}",,False,experiments/results/E1/raw_outputs/CSIR-SIR/CP/CP-05-02_r3.json,0
2026-08-25T07:35:41,NL-opt,CP,CP-01,CP-01-00,4,0.7,1,0,65192,0,0.0,False,True,314,2048,449,0,0,0,0,0,0,0,449,True,False,,"{""hard_violations"": 9, ""h1_dur_a"": false, ""h2_projector_a"": false, ""h3_capacity"": false, ""h4_lunch"": false, ""h5_org_buffer"": false, ""h6_avail_b"": false, ""h7_precedence_d"": false, ""h8_grid"": false, ""h9_complete"": false, ""s1_quiet_c"": false}",,False,experiments/results/E1/raw_outputs/NL-opt/CP/CP-01-00_r4.json,0
2026-08-25T07:36:18,JSON,CP,CP-01,CP-01-00,4,0.7,1,0,53829,0,1.0,True,True,307,1627,389,0,0,0,0,0,0,0,389,True,False,,"{""hard_violations"": 0, ""h1_dur_a"": true, ""h2_projector_a"": true, ""h3_capacity"": true, ""h4_lunch"": true, ""h5_org_buffer"": true, ""h6_avail_b"": true, ""h7_precedence_d"": true, ""h8_grid"": true, ""h9_complete"": true, ""s1_quiet_c"": true}",,False,experiments/results/E1/raw_outputs/JSON/CP/CP-01-00_r4.json,0
2026-08-25T07:37:28,CSIR-SIR,CP,CP-05,CP-05-04,3,0.7,4,3,8822,142780,0.0,False,True,158,219,295,0,0,1652,2048,3360,4096,1368,295,False,True,json:no JSON object found,"{""hard_violations"": 5, ""h1_sum_exact"": false, ""h2_infra_floor"": false, ""h3_training_cap"": false, ""h4_ev_tool_cap"": false, ""h5_veto"": false, ""s1_training_pref"": false, ""s2_events_headroom"": false, ""s3_infra_headroom"": false}",,False,experiments/results/E1/raw_outputs/CSIR-SIR/CP/CP-05-04_r3.json,0
2026-08-25T07:38:52,NL-opt,CP,CP-01,CP-01-02,4,0.7,1,0,68866,0,0.0,False,True,314,2048,449,0,0,0,0,0,0,0,449,True,False,,"{""hard_violations"": 9, ""h1_dur_a"": false, ""h2_projector_a"": false, ""h3_capacity"": false, ""h4_lunch"": false, ""h5_org_buffer"": false, ""h6_avail_b"": false, ""h7_precedence_d"": false, ""h8_grid"": false, ""h9_complete"": false, ""s1_quiet_c"": false}",,False,experiments/results/E1/raw_outputs/NL-opt/CP/CP-01-02_r4.json,0
2026-08-25T07:39:23,CSIR-SIR,CP,CP-05,CP-05-06,3,0.7,4,3,8126,142545,0.0,False,True,158,186,295,0,0,1652,2048,3360,4096,1368,295,False,True,json:no JSON object found,"{""hard_violations"": 5, ""h1_sum_exact"": false, ""h2_infra_floor"": false, ""h3_training_cap"": false, ""h4_ev_tool_cap"": false, ""h5_veto"": false, ""s1_training_pref"": false, ""s2_events_headroom"": false, ""s3_infra_headroom"": false}",,False,experiments/results/E1/raw_outputs/CSIR-SIR/CP/CP-05-06_r3.json,0
2026-08-25T07:41:30,CSIR-SIR,CP,CP-01,CP-01-00,4,0.7,4,3,11228,146036,0.0,False,True,178,345,295,0,0,1692,2048,3440,4096,1368,295,False,True,json:no JSON object found,"{""hard_violations"": 9, ""h1_dur_a"": false, ""h2_projector_a"": false, ""h3_capacity"": false, ""h4_lunch"": false, ""h5_org_buffer"": false, ""h6_avail_b"": false, ""h7_precedence_d"": false, ""h8_grid"": false, ""h9_complete"": false, ""s1_quiet_c"": false}",,False,experiments/results/E1/raw_outputs/CSIR-SIR/CP/CP-01-00_r4.json,0
2026-08-25T07:42:01,NL-opt,CP,CP-01,CP-01-04,4,0.7,1,0,73104,0,0.0,False,True,314,2048,449,0,0,0,0,0,0,0,449,True,False,,"{""hard_violations"": 9, ""h1_dur_a"": false, ""h2_projector_a"": false, ""h3_capacity"": false, ""h4_lunch"": false, ""h5_org_buffer"": false, ""h6_avail_b"": false, ""h7_precedence_d"": false, ""h8_grid"": false, ""h9_complete"": false, ""s1_quiet_c"": false}",,False,experiments/results/E1/raw_outputs/NL-opt/CP/CP-01-04_r4.json,0
2026-08-25T07:42:58,CSIR-SIR,CP,CP-01,CP-01-02,4,0.7,4,3,10103,130539,0.0,False,False,178,294,295,0,0,1692,2048,3440,4096,1368,295,False,True,json:no JSON object found,"{""checker_exception"": ""AttributeError(\""'str' object has no attribute 'get'\"")""}",,False,experiments/results/E1/raw_outputs/CSIR-SIR/CP/CP-01-02_r4.json,0
2026-08-25T07:43:44,JSON,CP,CP-01,CP-01-02,4,0.7,3,0,205192,0,1.0,True,True,307,2048,389,1446,3184,0,0,0,0,0,389,True,False,,"{""hard_violations"": 0, ""h1_dur_a"": true, ""h2_projector_a"": true, ""h3_capacity"": true, ""h4_lunch"": true, ""h5_org_buffer"": true, ""h6_avail_b"": true, ""h7_precedence_d"": true, ""h8_grid"": true, ""h9_complete"": true, ""s1_quiet_c"": true}",,False,experiments/results/E1/raw_outputs/JSON/CP/CP-01-02_r4.json,0
2026-08-25T07:44:27,NL-opt,CP,CP-01,CP-01-06,4,0.7,1,0,68105,0,0.0,False,True,314,2048,449,0,0,0,0,0,0,0,449,True,False,,"{""hard_violations"": 9, ""h1_dur_a"": false, ""h2_projector_a"": false, ""h3_capacity"": false, ""h4_lunch"": false, ""h5_org_buffer"": false, ""h6_avail_b"": false, ""h7_precedence_d"": false, ""h8_grid"": false, ""h9_complete"": false, ""s1_quiet_c"": false}",,False,experiments/results/E1/raw_outputs/NL-opt/CP/CP-01-06_r4.json,0
2026-08-25T07:45:34,CSIR-SIR,CP,CP-01,CP-01-04,4,0.7,2,1,14052,10546,0.0,False,True,149,401,295,0,0,0,0,0,0,1368,295,False,False,,"{""hard_violations"": 9, ""h1_dur_a"": false, ""h2_projector_a"": false, ""h3_capacity"": false, ""h4_lunch"": false, ""h5_org_buffer"": false, ""h6_avail_b"": false, ""h7_precedence_d"": false, ""h8_grid"": false, ""h9_complete"": false, ""s1_quiet_c"": false}",,True,experiments/results/E1/raw_outputs/CSIR-SIR/CP/CP-01-04_r4.json,0
2026-08-25T07:52:08,CSIR-SIR,CP,CP-01,CP-01-04,4,0.7,2,1,10290,10400,0.0,False,False,0,0,295,0,0,0,0,0,0,1368,295,False,False,,{},,True,experiments/results/E1/raw_outputs/CSIR-SIR/CP/CP-01-04_r4.json,1
2026-08-25T07:52:08,NL-opt,CP,CP-02,CP-02-00,4,0.7,1,0,78707,0,0.0,False,True,306,2048,449,0,0,0,0,0,0,0,449,True,False,,"{""hard_violations"": 5, ""h1_skills"": false, ""h2_coverage"": false, ""h3_caps"": false, ""h4_t1_before_t3"": false, ""h5_t4_restriction"": false, ""s1_t2_early"": false, ""s2_balance"": false, ""s3_low_switching"": false}",,False,experiments/results/E1/raw_outputs/NL-opt/CP/CP-02-00_r4.json,0
2026-08-25T07:52:08,JSON,CP,CP-01,CP-01-04,4,0.7,3,0,215383,0,0.0,False,False,307,2048,389,1446,4096,0,0,0,0,0,389,True,False,,{},"parse: Expecting ',' delimiter: line 1 column 229 (char 228)",False,experiments/results/E1/raw_outputs/JSON/CP/CP-01-04_r4.json,0
2026-08-25T07:52:08,JSON,CP,CP-01,CP-01-06,4,0.7,3,0,166116,0,0.0,False,False,307,2048,389,723,2048,0,0,0,0,0,389,True,False,,{},parse: no JSON object found,True,experiments/results/E1/raw_outputs/JSON/CP/CP-01-06_r4.json,0
2026-08-25T08:01:55,JSON,CP,CP-01,CP-01-06,4,0.7,3,0,30986,0,0.0,False,False,0,0,389,0,0,0,0,0,0,0,389,True,False,,{},parse: no JSON object found,True,experiments/results/E1/raw_outputs/JSON/CP/CP-01-06_r4.json,1
2026-08-25T08:01:55,CSIR-SIR,CP,CP-01,CP-01-06,4,0.7,3,2,10408,63536,0.0,False,False,0,0,295,0,0,1692,2048,0,0,1368,295,False,True,json:no JSON object found,{},,True,experiments/results/E1/raw_outputs/CSIR-SIR/CP/CP-01-06_r4.json,0
2026-08-25T08:08:30,CSIR-SIR,CP,CP-01,CP-01-06,4,0.7,2,1,10398,10411,0.0,False,False,0,0,295,0,0,0,0,0,0,1368,295,False,False,,{},,True,experiments/results/E1/raw_outputs/CSIR-SIR/CP/CP-01-06_r4.json,1
2026-08-25T08:08:30,CSIR-SIR,CP,CP-02,CP-02-00,4,0.7,2,1,10400,10393,0.0,False,False,0,0,295,0,0,0,0,0,0,1368,295,False,False,,{},,True,experiments/results/E1/raw_outputs/CSIR-SIR/CP/CP-02-00_r4.json,0
2026-08-25T08:15:03,CSIR-SIR,CP,CP-02,CP-02-00,4,0.7,2,1,10394,10407,0.0,False,False,0,0,295,0,0,0,0,0,0,1368,295,False,False,,{},,True,experiments/results/E1/raw_outputs/CSIR-SIR/CP/CP-02-00_r4.json,1
2026-08-25T08:15:03,JSON,CP,CP-02,CP-02-00,4,0.7,3,0,31219,0,0.0,False,False,0,0,389,0,0,0,0,0,0,0,389,True,False,,{},parse: no JSON object found,True,experiments/results/E1/raw_outputs/JSON/CP/CP-02-00_r4.json,0
2026-08-25T08:24:53,JSON,CP,CP-02,CP-02-00,4,0.7,3,0,31106,0,0.0,False,False,0,0,389,0,0,0,0,0,0,0,389,True,False,,{},parse: no JSON object found,True,experiments/results/E1/raw_outputs/JSON/CP/CP-02-00_r4.json,1
2026-08-25T08:24:53,NL-opt,CP,CP-02,CP-02-02,4,0.7,3,0,31121,0,0.0,False,True,0,0,449,0,0,0,0,0,0,0,449,True,False,,"{""hard_violations"": 5, ""h1_skills"": false, ""h2_coverage"": false, ""h3_caps"": false, ""h4_t1_before_t3"": false, ""h5_t4_restriction"": false, ""s1_t2_early"": false, ""s2_balance"": false, ""s3_low_switching"": false}",,True,experiments/results/E1/raw_outputs/NL-opt/CP/CP-02-02_r4.json,0
2026-08-25T08:34:43,NL-opt,CP,CP-02,CP-02-02,4,0.7,3,0,31103,0,0.0,False,True,0,0,449,0,0,0,0,0,0,0,449,True,False,,"{""hard_violations"": 5, ""h1_skills"": false, ""h2_coverage"": false, ""h3_caps"": false, ""h4_t1_before_t3"": false, ""h5_t4_restriction"": false, ""s1_t2_early"": false, ""s2_balance"": false, ""s3_low_switching"": false}",,True,experiments/results/E1/raw_outputs/NL-opt/CP/CP-02-02_r4.json,1
2026-08-25T08:34:43,CSIR-SIR,CP,CP-02,CP-02-02,4,0.7,2,1,10295,10287,0.0,False,False,0,0,295,0,0,0,0,0,0,1368,295,False,False,,{},,True,experiments/results/E1/raw_outputs/CSIR-SIR/CP/CP-02-02_r4.json,0
2026-08-25T08:41:18,CSIR-SIR,CP,CP-02,CP-02-02,4,0.7,2,1,10407,10402,0.0,False,False,0,0,295,0,0,0,0,0,0,1368,295,False,False,,{},,True,experiments/results/E1/raw_outputs/CSIR-SIR/CP/CP-02-02_r4.json,1
2026-08-25T08:41:18,JSON,CP,CP-02,CP-02-02,4,0.7,3,0,31096,0,0.0,False,False,0,0,389,0,0,0,0,0,0,0,389,True,False,,{},parse: no JSON object found,True,experiments/results/E1/raw_outputs/JSON/CP/CP-02-02_r4.json,0
2026-08-25T08:51:08,JSON,CP,CP-02,CP-02-02,4,0.7,3,0,31194,0,0.0,False,False,0,0,389,0,0,0,0,0,0,0,389,True,False,,{},parse: no JSON object found,True,experiments/results/E1/raw_outputs/JSON/CP/CP-02-02_r4.json,1
2026-08-25T08:51:08,NL-opt,CP,CP-02,CP-02-04,4,0.7,3,0,30998,0,0.0,False,True,0,0,449,0,0,0,0,0,0,0,449,True,False,,"{""hard_violations"": 5, ""h1_skills"": false, ""h2_coverage"": false, ""h3_caps"": false, ""h4_t1_before_t3"": false, ""h5_t4_restriction"": false, ""s1_t2_early"": false, ""s2_balance"": false, ""s3_low_switching"": false}",,True,experiments/results/E1/raw_outputs/NL-opt/CP/CP-02-04_r4.json,0
2026-08-25T09:00:57,NL-opt,CP,CP-02,CP-02-04,4,0.7,3,0,31231,0,0.0,False,True,0,0,449,0,0,0,0,0,0,0,449,True,False,,"{""hard_violations"": 5, ""h1_skills"": false, ""h2_coverage"": false, ""h3_caps"": false, ""h4_t1_before_t3"": false, ""h5_t4_restriction"": false, ""s1_t2_early"": false, ""s2_balance"": false, ""s3_low_switching"": false}",,True,experiments/results/E1/raw_outputs/NL-opt/CP/CP-02-04_r4.json,1
2026-08-25T09:00:57,CSIR-SIR,CP,CP-02,CP-02-04,4,0.7,2,1,10396,10397,0.0,False,False,0,0,295,0,0,0,0,0,0,1368,295,False,False,,{},,True,experiments/results/E1/raw_outputs/CSIR-SIR/CP/CP-02-04_r4.json,0
2026-08-25T09:07:33,CSIR-SIR,CP,CP-02,CP-02-04,4,0.7,2,1,10409,10410,0.0,False,False,0,0,295,0,0,0,0,0,0,1368,295,False,False,,{},,True,experiments/results/E1/raw_outputs/CSIR-SIR/CP/CP-02-04_r4.json,1
2026-08-25T09:07:33,JSON,CP,CP-02,CP-02-04,4,0.7,3,0,31083,0,0.0,False,False,0,0,389,0,0,0,0,0,0,0,389,True,False,,{},parse: no JSON object found,True,experiments/results/E1/raw_outputs/JSON/CP/CP-02-04_r4.json,0
2026-08-25T09:17:21,JSON,CP,CP-02,CP-02-04,4,0.7,3,0,31196,0,0.0,False,False,0,0,389,0,0,0,0,0,0,0,389,True,False,,{},parse: no JSON object found,True,experiments/results/E1/raw_outputs/JSON/CP/CP-02-04_r4.json,1
2026-08-25T09:17:21,NL-opt,CP,CP-02,CP-02-06,4,0.7,3,0,31092,0,0.0,False,True,0,0,449,0,0,0,0,0,0,0,449,True,False,,"{""hard_violations"": 5, ""h1_skills"": false, ""h2_coverage"": false, ""h3_caps"": false, ""h4_t1_before_t3"": false, ""h5_t4_restriction"": false, ""s1_t2_early"": false, ""s2_balance"": false, ""s3_low_switching"": false}",,True,experiments/results/E1/raw_outputs/NL-opt/CP/CP-02-06_r4.json,0
2026-08-25T09:27:12,NL-opt,CP,CP-02,CP-02-06,4,0.7,3,0,31216,0,0.0,False,True,0,0,449,0,0,0,0,0,0,0,449,True,False,,"{""hard_violations"": 5, ""h1_skills"": false, ""h2_coverage"": false, ""h3_caps"": false, ""h4_t1_before_t3"": false, ""h5_t4_restriction"": false, ""s1_t2_early"": false, ""s2_balance"": false, ""s3_low_switching"": false}",,True,experiments/results/E1/raw_outputs/NL-opt/CP/CP-02-06_r4.json,1
2026-08-25T09:27:12,CSIR-SIR,CP,CP-02,CP-02-06,4,0.7,2,1,10410,10297,0.0,False,False,0,0,295,0,0,0,0,0,0,1368,295,False,False,,{},,True,experiments/results/E1/raw_outputs/CSIR-SIR/CP/CP-02-06_r4.json,0
2026-08-25T09:33:48,CSIR-SIR,CP,CP-02,CP-02-06,4,0.7,2,1,10405,10570,0.0,False,False,0,0,295,0,0,0,0,0,0,1368,295,False,False,,{},,True,experiments/results/E1/raw_outputs/CSIR-SIR/CP/CP-02-06_r4.json,1
2026-08-25T09:33:48,JSON,CP,CP-02,CP-02-06,4,0.7,3,0,30984,0,0.0,False,False,0,0,389,0,0,0,0,0,0,0,389,True,False,,{},parse: no JSON object found,True,experiments/results/E1/raw_outputs/JSON/CP/CP-02-06_r4.json,0
2026-08-25T09:43:39,JSON,CP,CP-02,CP-02-06,4,0.7,3,0,31226,0,0.0,False,False,0,0,389,0,0,0,0,0,0,0,389,True,False,,{},parse: no JSON object found,True,experiments/results/E1/raw_outputs/JSON/CP/CP-02-06_r4.json,1
2026-08-25T09:43:39,NL-opt,CP,CP-03,CP-03-00,4,0.7,3,0,30997,0,0.4286,False,True,0,0,449,0,0,0,0,0,0,0,449,True,False,,"{""hard_violations"": 4, ""h1_branch_first"": false, ""h2_dry_before_tag"": false, ""h3_retry_bound"": true, ""h4_notes_after_tag"": false, ""h5_announce_after_playbook"": true, ""h6_legal_conditional"": true, ""h7_tag_gate"": false}",,True,experiments/results/E1/raw_outputs/NL-opt/CP/CP-03-00_r4.json,0
2026-08-25T09:53:29,NL-opt,CP,CP-03,CP-03-00,4,0.7,3,0,31227,0,0.4286,False,True,0,0,449,0,0,0,0,0,0,0,449,True,False,,"{""hard_violations"": 4, ""h1_branch_first"": false, ""h2_dry_before_tag"": false, ""h3_retry_bound"": true, ""h4_notes_after_tag"": false, ""h5_announce_after_playbook"": true, ""h6_legal_conditional"": true, ""h7_tag_gate"": false}",,True,experiments/results/E1/raw_outputs/NL-opt/CP/CP-03-00_r4.json,1
2026-08-25T09:53:29,CSIR-SIR,CP,CP-03,CP-03-00,4,0.7,2,1,10300,10299,0.0,False,False,0,0,295,0,0,0,0,0,0,1368,295,False,False,,{},,True,experiments/results/E1/raw_outputs/CSIR-SIR/CP/CP-03-00_r4.json,0
2026-08-25T10:00:03,CSIR-SIR,CP,CP-03,CP-03-00,4,0.7,2,1,10410,10402,0.0,False,False,0,0,295,0,0,0,0,0,0,1368,295,False,False,,{},,True,experiments/results/E1/raw_outputs/CSIR-SIR/CP/CP-03-00_r4.json,1
2026-08-25T10:00:03,JSON,CP,CP-03,CP-03-00,4,0.7,3,0,30901,0,0.0,False,False,0,0,389,0,0,0,0,0,0,0,389,True,False,,{},parse: no JSON object found,True,experiments/results/E1/raw_outputs/JSON/CP/CP-03-00_r4.json,0
2026-08-25T10:09:52,JSON,CP,CP-03,CP-03-00,4,0.7,3,0,31245,0,0.0,False,False,0,0,389,0,0,0,0,0,0,0,389,True,False,,{},parse: no JSON object found,True,experiments/results/E1/raw_outputs/JSON/CP/CP-03-00_r4.json,1
2026-08-25T10:09:52,NL-opt,CP,CP-03,CP-03-02,4,0.7,3,0,30984,0,0.4286,False,True,0,0,449,0,0,0,0,0,0,0,449,True,False,,"{""hard_violations"": 4, ""h1_branch_first"": false, ""h2_dry_before_tag"": false, ""h3_retry_bound"": true, ""h4_notes_after_tag"": false, ""h5_announce_after_playbook"": true, ""h6_legal_conditional"": true, ""h7_tag_gate"": false}",,True,experiments/results/E1/raw_outputs/NL-opt/CP/CP-03-02_r4.json,0
2026-08-25T10:19:40,NL-opt,CP,CP-03,CP-03-02,4,0.7,3,0,31193,0,0.4286,False,True,0,0,449,0,0,0,0,0,0,0,449,True,False,,"{""hard_violations"": 4, ""h1_branch_first"": false, ""h2_dry_before_tag"": false, ""h3_retry_bound"": true, ""h4_notes_after_tag"": false, ""h5_announce_after_playbook"": true, ""h6_legal_conditional"": true, ""h7_tag_gate"": false}",,True,experiments/results/E1/raw_outputs/NL-opt/CP/CP-03-02_r4.json,1
2026-08-25T10:19:40,CSIR-SIR,CP,CP-03,CP-03-02,4,0.7,2,1,10399,10413,0.0,False,False,0,0,295,0,0,0,0,0,0,1368,295,False,False,,{},,True,experiments/results/E1/raw_outputs/CSIR-SIR/CP/CP-03-02_r4.json,0
2026-08-25T10:26:14,CSIR-SIR,CP,CP-03,CP-03-02,4,0.7,2,1,10411,10402,0.0,False,False,0,0,295,0,0,0,0,0,0,1368,295,False,False,,{},,True,experiments/results/E1/raw_outputs/CSIR-SIR/CP/CP-03-02_r4.json,1
2026-08-25T10:26:14,JSON,CP,CP-03,CP-03-02,4,0.7,3,0,31096,0,0.0,False,False,0,0,389,0,0,0,0,0,0,0,389,True,False,,{},parse: no JSON object found,True,experiments/results/E1/raw_outputs/JSON/CP/CP-03-02_r4.json,0
2026-08-25T10:36:04,JSON,CP,CP-03,CP-03-02,4,0.7,3,0,31204,0,0.0,False,False,0,0,389,0,0,0,0,0,0,0,389,True,False,,{},parse: no JSON object found,True,experiments/results/E1/raw_outputs/JSON/CP/CP-03-02_r4.json,1
2026-08-25T10:36:04,NL-opt,CP,CP-03,CP-03-04,4,0.7,3,0,31241,0,0.4286,False,True,0,0,449,0,0,0,0,0,0,0,449,True,False,,"{""hard_violations"": 4, ""h1_branch_first"": false, ""h2_dry_before_tag"": false, ""h3_retry_bound"": true, ""h4_notes_after_tag"": false, ""h5_announce_after_playbook"": true, ""h6_legal_conditional"": true, ""h7_tag_gate"": false}",,True,experiments/results/E1/raw_outputs/NL-opt/CP/CP-03-04_r4.json,0
2026-08-25T10:45:53,NL-opt,CP,CP-03,CP-03-04,4,0.7,3,0,31224,0,0.4286,False,True,0,0,449,0,0,0,0,0,0,0,449,True,False,,"{""hard_violations"": 4, ""h1_branch_first"": false, ""h2_dry_before_tag"": false, ""h3_retry_bound"": true, ""h4_notes_after_tag"": false, ""h5_announce_after_playbook"": true, ""h6_legal_conditional"": true, ""h7_tag_gate"": false}",,True,experiments/results/E1/raw_outputs/NL-opt/CP/CP-03-04_r4.json,1
2026-08-25T10:45:53,CSIR-SIR,CP,CP-03,CP-03-04,4,0.7,2,1,10297,10397,0.0,False,False,0,0,295,0,0,0,0,0,0,1368,295,False,False,,{},,True,experiments/results/E1/raw_outputs/CSIR-SIR/CP/CP-03-04_r4.json,0
2026-08-25T10:52:27,CSIR-SIR,CP,CP-03,CP-03-04,4,0.7,2,1,10410,10401,0.0,False,False,0,0,295,0,0,0,0,0,0,1368,295,False,False,,{},,True,experiments/results/E1/raw_outputs/CSIR-SIR/CP/CP-03-04_r4.json,1
2026-08-25T10:52:27,JSON,CP,CP-03,CP-03-04,4,0.7,3,0,31228,0,0.0,False,False,0,0,389,0,0,0,0,0,0,0,389,True,False,,{},parse: no JSON object found,True,experiments/results/E1/raw_outputs/JSON/CP/CP-03-04_r4.json,0
2026-08-25T11:02:16,JSON,CP,CP-03,CP-03-04,4,0.7,3,0,31220,0,0.0,False,False,0,0,389,0,0,0,0,0,0,0,389,True,False,,{},parse: no JSON object found,True,experiments/results/E1/raw_outputs/JSON/CP/CP-03-04_r4.json,1
2026-08-25T11:02:16,NL-opt,CP,CP-03,CP-03-06,4,0.7,3,0,31193,0,0.4286,False,True,0,0,449,0,0,0,0,0,0,0,449,True,False,,"{""hard_violations"": 4, ""h1_branch_first"": false, ""h2_dry_before_tag"": false, ""h3_retry_bound"": true, ""h4_notes_after_tag"": false, ""h5_announce_after_playbook"": true, ""h6_legal_conditional"": true, ""h7_tag_gate"": false}",,True,experiments/results/E1/raw_outputs/NL-opt/CP/CP-03-06_r4.json,0
2026-08-25T11:12:04,NL-opt,CP,CP-03,CP-03-06,4,0.7,3,0,31196,0,0.4286,False,True,0,0,449,0,0,0,0,0,0,0,449,True,False,,"{""hard_violations"": 4, ""h1_branch_first"": false, ""h2_dry_before_tag"": false, ""h3_retry_bound"": true, ""h4_notes_after_tag"": false, ""h5_announce_after_playbook"": true, ""h6_legal_conditional"": true, ""h7_tag_gate"": false}",,True,experiments/results/E1/raw_outputs/NL-opt/CP/CP-03-06_r4.json,1
2026-08-25T11:12:04,CSIR-SIR,CP,CP-03,CP-03-06,4,0.7,2,1,10395,10395,0.0,False,False,0,0,295,0,0,0,0,0,0,1368,295,False,False,,{},,True,experiments/results/E1/raw_outputs/CSIR-SIR/CP/CP-03-06_r4.json,0
2026-08-25T11:18:38,CSIR-SIR,CP,CP-03,CP-03-06,4,0.7,2,1,10408,10398,0.0,False,False,0,0,295,0,0,0,0,0,0,1368,295,False,False,,{},,True,experiments/results/E1/raw_outputs/CSIR-SIR/CP/CP-03-06_r4.json,1
2026-08-25T11:18:38,JSON,CP,CP-03,CP-03-06,4,0.7,3,0,31199,0,0.0,False,False,0,0,389,0,0,0,0,0,0,0,389,True,False,,{},parse: no JSON object found,True,experiments/results/E1/raw_outputs/JSON/CP/CP-03-06_r4.json,0
2026-08-25T11:28:27,JSON,CP,CP-03,CP-03-06,4,0.7,3,0,31216,0,0.0,False,False,0,0,389,0,0,0,0,0,0,0,389,True,False,,{},parse: no JSON object found,True,experiments/results/E1/raw_outputs/JSON/CP/CP-03-06_r4.json,1
2026-08-25T11:28:27,NL-opt,CP,CP-04,CP-04-00,4,0.7,3,0,31208,0,0.0,False,True,0,0,449,0,0,0,0,0,0,0,449,True,False,,"{""hard_violations"": 5, ""h1_all_seated_once"": false, ""h2_host_seat1"": false, ""h3_not_adj_AB"": false, ""h4_not_adj_CD"": false, ""h5_adj_EF"": false, ""s1_GH_pref"": false}",,True,experiments/results/E1/raw_outputs/NL-opt/CP/CP-04-00_r4.json,0
2026-08-25T11:38:16,NL-opt,CP,CP-04,CP-04-00,4,0.7,3,0,31229,0,0.0,False,True,0,0,449,0,0,0,0,0,0,0,449,True,False,,"{""hard_violations"": 5, ""h1_all_seated_once"": false, ""h2_host_seat1"": false, ""h3_not_adj_AB"": false, ""h4_not_adj_CD"": false, ""h5_adj_EF"": false, ""s1_GH_pref"": false}",,True,experiments/results/E1/raw_outputs/NL-opt/CP/CP-04-00_r4.json,1
2026-08-25T11:38:16,CSIR-SIR,CP,CP-04,CP-04-00,4,0.7,2,1,10400,10395,0.0,False,False,0,0,295,0,0,0,0,0,0,1368,295,False,False,,{},,True,experiments/results/E1/raw_outputs/CSIR-SIR/CP/CP-04-00_r4.json,0
2026-08-25T11:44:51,CSIR-SIR,CP,CP-04,CP-04-00,4,0.7,2,1,10422,10422,0.0,False,False,0,0,295,0,0,0,0,0,0,1368,295,False,False,,{},,True,experiments/results/E1/raw_outputs/CSIR-SIR/CP/CP-04-00_r4.json,1
2026-08-25T11:44:51,JSON,CP,CP-04,CP-04-00,4,0.7,3,0,31200,0,0.0,False,False,0,0,389,0,0,0,0,0,0,0,389,True,False,,{},parse: no JSON object found,True,experiments/results/E1/raw_outputs/JSON/CP/CP-04-00_r4.json,0
2026-08-25T11:54:40,JSON,CP,CP-04,CP-04-00,4,0.7,3,0,31198,0,0.0,False,False,0,0,389,0,0,0,0,0,0,0,389,True,False,,{},parse: no JSON object found,True,experiments/results/E1/raw_outputs/JSON/CP/CP-04-00_r4.json,1
2026-08-25T11:54:40,NL-opt,CP,CP-04,CP-04-02,4,0.7,3,0,31225,0,0.0,False,True,0,0,449,0,0,0,0,0,0,0,449,True,False,,"{""hard_violations"": 5, ""h1_all_seated_once"": false, ""h2_host_seat1"": false, ""h3_not_adj_AB"": false, ""h4_not_adj_CD"": false, ""h5_adj_EF"": false}",,True,experiments/results/E1/raw_outputs/NL-opt/CP/CP-04-02_r4.json,0
2026-08-25T12:04:29,NL-opt,CP,CP-04,CP-04-02,4,0.7,3,0,31207,0,0.0,False,True,0,0,449,0,0,0,0,0,0,0,449,True,False,,"{""hard_violations"": 5, ""h1_all_seated_once"": false, ""h2_host_seat1"": false, ""h3_not_adj_AB"": false, ""h4_not_adj_CD"": false, ""h5_adj_EF"": false}",,True,experiments/results/E1/raw_outputs/NL-opt/CP/CP-04-02_r4.json,1
2026-08-25T12:04:29,CSIR-SIR,CP,CP-04,CP-04-02,4,0.7,2,1,10408,10399,0.0,False,False,0,0,295,0,0,0,0,0,0,1368,295,False,False,,{},,True,experiments/results/E1/raw_outputs/CSIR-SIR/CP/CP-04-02_r4.json,0
2026-08-25T12:11:03,CSIR-SIR,CP,CP-04,CP-04-02,4,0.7,2,1,10411,10401,0.0,False,False,0,0,295,0,0,0,0,0,0,1368,295,False,False,,{},,True,experiments/results/E1/raw_outputs/CSIR-SIR/CP/CP-04-02_r4.json,1
2026-08-25T12:11:03,JSON,CP,CP-04,CP-04-02,4,0.7,3,0,31216,0,0.0,False,False,0,0,389,0,0,0,0,0,0,0,389,True,False,,{},parse: no JSON object found,True,experiments/results/E1/raw_outputs/JSON/CP/CP-04-02_r4.json,0
2026-08-25T12:20:52,JSON,CP,CP-04,CP-04-02,4,0.7,3,0,31224,0,0.0,False,False,0,0,389,0,0,0,0,0,0,0,389,True,False,,{},parse: no JSON object found,True,experiments/results/E1/raw_outputs/JSON/CP/CP-04-02_r4.json,1
2026-08-25T12:20:52,NL-opt,CP,CP-04,CP-04-04,4,0.7,3,0,31198,0,0.0,False,True,0,0,449,0,0,0,0,0,0,0,449,True,False,,"{""hard_violations"": 5, ""h1_all_seated_once"": false, ""h2_host_seat1"": false, ""h3_not_adj_AB"": false, ""h4_not_adj_CD"": false, ""h5_adj_EF"": false}",,True,experiments/results/E1/raw_outputs/NL-opt/CP/CP-04-04_r4.json,0
2026-08-25T12:30:41,NL-opt,CP,CP-04,CP-04-04,4,0.7,3,0,31184,0,0.0,False,True,0,0,449,0,0,0,0,0,0,0,449,True,False,,"{""hard_violations"": 5, ""h1_all_seated_once"": false, ""h2_host_seat1"": false, ""h3_not_adj_AB"": false, ""h4_not_adj_CD"": false, ""h5_adj_EF"": false}",,True,experiments/results/E1/raw_outputs/NL-opt/CP/CP-04-04_r4.json,1
2026-08-25T12:30:41,CSIR-SIR,CP,CP-04,CP-04-04,4,0.7,2,1,10408,10403,0.0,False,False,0,0,295,0,0,0,0,0,0,1368,295,False,False,,{},,True,experiments/results/E1/raw_outputs/CSIR-SIR/CP/CP-04-04_r4.json,0
2026-08-25T12:37:15,CSIR-SIR,CP,CP-04,CP-04-04,4,0.7,2,1,10420,10446,0.0,False,False,0,0,295,0,0,0,0,0,0,1368,295,False,False,,{},,True,experiments/results/E1/raw_outputs/CSIR-SIR/CP/CP-04-04_r4.json,1
2026-08-25T12:37:15,JSON,CP,CP-04,CP-04-04,4,0.7,3,0,31212,0,0.0,False,False,0,0,389,0,0,0,0,0,0,0,389,True,False,,{},parse: no JSON object found,True,experiments/results/E1/raw_outputs/JSON/CP/CP-04-04_r4.json,0
2026-08-25T12:47:04,JSON,CP,CP-04,CP-04-04,4,0.7,3,0,31213,0,0.0,False,False,0,0,389,0,0,0,0,0,0,0,389,True,False,,{},parse: no JSON object found,True,experiments/results/E1/raw_outputs/JSON/CP/CP-04-04_r4.json,1
2026-08-25T19:30:58,JSON,CP,CP-01,CP-01-06,4,0.7,1,0,26675,0,1.0,True,True,307,1053,389,0,0,0,0,0,0,0,389,True,False,,"{""hard_violations"": 0, ""h1_dur_a"": true, ""h2_projector_a"": true, ""h3_capacity"": true, ""h4_lunch"": true, ""h5_org_buffer"": true, ""h6_avail_b"": true, ""h7_precedence_d"": true, ""h8_grid"": true, ""h9_complete"": true, ""s1_quiet_c"": true}",,False,experiments/results/E1/raw_outputs/JSON/CP/CP-01-06_r4.json,0
2026-08-25T19:33:14,CSIR-SIR,CP,CP-01,CP-01-06,4,0.7,4,3,12991,134728,0.0,False,True,178,332,295,0,0,1692,2048,3440,4096,1368,295,False,True,json:no JSON object found,"{""hard_violations"": 9, ""h1_dur_a"": false, ""h2_projector_a"": false, ""h3_capacity"": false, ""h4_lunch"": false, ""h5_org_buffer"": false, ""h6_avail_b"": false, ""h7_precedence_d"": false, ""h8_grid"": false, ""h9_complete"": false, ""s1_quiet_c"": false}",,False,experiments/results/E1/raw_outputs/CSIR-SIR/CP/CP-01-06_r4.json,0
2026-08-25T19:34:08,CSIR-SIR,CP,CP-01,CP-01-04,4,0.7,4,3,16218,122265,0.0,False,True,178,315,295,0,0,1692,2048,3440,4096,1368,295,False,True,json:no JSON object found,"{""hard_violations"": 9, ""h1_dur_a"": false, ""h2_projector_a"": false, ""h3_capacity"": false, ""h4_lunch"": false, ""h5_org_buffer"": false, ""h6_avail_b"": false, ""h7_precedence_d"": false, ""h8_grid"": false, ""h9_complete"": false, ""s1_quiet_c"": false}",,False,experiments/results/E1/raw_outputs/CSIR-SIR/CP/CP-01-04_r4.json,0
2026-08-25T19:34:22,NL-opt,CP,CP-02,CP-02-02,4,0.7,1,0,68485,0,0.0,False,True,306,2048,449,0,0,0,0,0,0,0,449,True,False,,"{""hard_violations"": 5, ""h1_skills"": false, ""h2_coverage"": false, ""h3_caps"": false, ""h4_t1_before_t3"": false, ""h5_t4_restriction"": false, ""s1_t2_early"": false, ""s2_balance"": false, ""s3_low_switching"": false}",,False,experiments/results/E1/raw_outputs/NL-opt/CP/CP-02-02_r4.json,0
2026-08-25T19:35:14,CSIR-SIR,CP,CP-02,CP-02-00,4,0.7,4,3,18918,131751,0.0,False,False,156,521,295,0,0,1684,2048,3424,4096,1368,295,False,True,json:no JSON object found,"{""checker_exception"": ""AttributeError(\""'str' object has no attribute 'items'\"")""}",,False,experiments/results/E1/raw_outputs/CSIR-SIR/CP/CP-02-00_r4.json,0
2026-08-25T19:35:24,JSON,CP,CP-02,CP-02-00,4,0.7,3,0,219773,0,0.0,False,False,299,2048,389,1430,4096,0,0,0,0,0,389,True,False,,{},parse: no JSON object found,False,experiments/results/E1/raw_outputs/JSON/CP/CP-02-00_r4.json,0
2026-08-25T19:36:11,NL-opt,CP,CP-02,CP-02-04,4,0.7,1,0,57195,0,0.0,False,True,306,2048,449,0,0,0,0,0,0,0,449,True,False,,"{""hard_violations"": 5, ""h1_skills"": false, ""h2_coverage"": false, ""h3_caps"": false, ""h4_t1_before_t3"": false, ""h5_t4_restriction"": false, ""s1_t2_early"": false, ""s2_balance"": false, ""s3_low_switching"": false}",,False,experiments/results/E1/raw_outputs/NL-opt/CP/CP-02-04_r4.json,0
2026-08-25T19:38:53,CSIR-SIR,CP,CP-02,CP-02-04,4,0.7,4,3,20034,142483,0.0,False,False,156,203,295,0,0,1684,2048,3424,4096,1368,295,False,True,json:no JSON object found,"{""checker_exception"": ""AttributeError(\""'str' object has no attribute 'items'\"")""}",,False,experiments/results/E1/raw_outputs/CSIR-SIR/CP/CP-02-04_r4.json,0
2026-08-25T19:39:23,JSON,CP,CP-02,CP-02-04,4,0.7,2,0,114567,0,0.875,True,True,299,2048,389,715,1965,0,0,0,0,0,389,True,False,,"{""hard_violations"": 0, ""h1_skills"": true, ""h2_coverage"": true, ""h3_caps"": true, ""h4_t1_before_t3"": true, ""h5_t4_restriction"": true, ""s1_t2_early"": true, ""s2_balance"": false, ""s3_low_switching"": true}",,False,experiments/results/E1/raw_outputs/JSON/CP/CP-02-04_r4.json,0
2026-08-25T19:40:19,JSON,CP,CP-02,CP-02-06,4,0.7,1,0,55244,0,1.0,True,True,299,1762,389,0,0,0,0,0,0,0,389,True,False,,"{""hard_violations"": 0, ""h1_skills"": true, ""h2_coverage"": true, ""h3_caps"": true, ""h4_t1_before_t3"": true, ""h5_t4_restriction"": true, ""s1_t2_early"": true, ""s2_balance"": true, ""s3_low_switching"": true}",,False,experiments/results/E1/raw_outputs/JSON/CP/CP-02-06_r4.json,0
2026-08-25T19:40:32,NL-opt,CP,CP-02,CP-02-06,4,0.7,1,0,57070,0,0.0,False,True,306,2048,449,0,0,0,0,0,0,0,449,True,False,,"{""hard_violations"": 5, ""h1_skills"": false, ""h2_coverage"": false, ""h3_caps"": false, ""h4_t1_before_t3"": false, ""h5_t4_restriction"": false, ""s1_t2_early"": false, ""s2_balance"": false, ""s3_low_switching"": false}",,False,experiments/results/E1/raw_outputs/NL-opt/CP/CP-02-06_r4.json,0
2026-08-25T19:41:06,JSON,CP,CP-02,CP-02-02,4,0.7,3,0,188950,0,0.0,False,False,299,2048,389,1430,4096,0,0,0,0,0,389,True,False,,{},parse: no JSON object found,False,experiments/results/E1/raw_outputs/JSON/CP/CP-02-02_r4.json,0
2026-08-25T19:41:06,CSIR-SIR,CP,CP-02,CP-02-02,4,0.7,4,3,8997,123891,0.0,False,False,156,208,295,0,0,1684,2048,3424,4096,1368,295,False,True,json:no JSON object found,"{""checker_exception"": ""AttributeError(\""'str' object has no attribute 'items'\"")""}",,False,experiments/results/E1/raw_outputs/CSIR-SIR/CP/CP-02-02_r4.json,0
2026-08-25T19:41:24,JSON,CP,CP-03,CP-03-00,4,0.7,1,0,17958,0,0.8571,False,True,238,511,389,0,0,0,0,0,0,0,389,True,False,,"{""hard_violations"": 1, ""h1_branch_first"": true, ""h2_dry_before_tag"": true, ""h3_retry_bound"": false, ""h4_notes_after_tag"": true, ""h5_announce_after_playbook"": true, ""h6_legal_conditional"": true, ""h7_tag_gate"": true}",,False,experiments/results/E1/raw_outputs/JSON/CP/CP-03-00_r4.json,0
2026-08-25T19:41:34,NL-opt,CP,CP-03,CP-03-00,4,0.7,1,0,60891,0,0.4286,False,True,245,2048,449,0,0,0,0,0,0,0,449,True,False,,"{""hard_violations"": 4, ""h1_branch_first"": false, ""h2_dry_before_tag"": false, ""h3_retry_bound"": true, ""h4_notes_after_tag"": false, ""h5_announce_after_playbook"": false, ""h6_legal_conditional"": true, ""h7_tag_gate"": true}",,False,experiments/results/E1/raw_outputs/NL-opt/CP/CP-03-00_r4.json,0
2026-08-25T19:42:58,JSON,CP,CP-03,CP-03-02,4,0.7,1,0,20464,0,1.0,True,True,238,514,389,0,0,0,0,0,0,0,389,True,False,,"{""hard_violations"": 0, ""h1_branch_first"": true, ""h2_dry_before_tag"": true, ""h3_retry_bound"": true, ""h4_notes_after_tag"": true, ""h5_announce_after_playbook"": true, ""h6_legal_conditional"": true, ""h7_tag_gate"": true}",,False,experiments/results/E1/raw_outputs/JSON/CP/CP-03-02_r4.json,0
2026-08-25T19:43:11,NL-opt,CP,CP-03,CP-03-02,4,0.7,1,0,65812,0,0.4286,False,True,245,2048,449,0,0,0,0,0,0,0,449,True,False,,"{""hard_violations"": 4, ""h1_branch_first"": false, ""h2_dry_before_tag"": false, ""h3_retry_bound"": true, ""h4_notes_after_tag"": false, ""h5_announce_after_playbook"": true, ""h6_legal_conditional"": true, ""h7_tag_gate"": false}",,False,experiments/results/E1/raw_outputs/NL-opt/CP/CP-03-02_r4.json,0
2026-08-25T19:44:11,CSIR-SIR,CP,CP-03,CP-03-00,4,0.7,4,3,22795,139908,0.4286,False,True,155,411,295,0,0,1623,2048,3302,4096,1368,295,False,True,json:no JSON object found,"{""hard_violations"": 4, ""h1_branch_first"": false, ""h2_dry_before_tag"": false, ""h3_retry_bound"": true, ""h4_notes_after_tag"": false, ""h5_announce_after_playbook"": true, ""h6_legal_conditional"": true, ""h7_tag_gate"": false}",,False,experiments/results/E1/raw_outputs/CSIR-SIR/CP/CP-03-00_r4.json,0
2026-08-25T19:44:18,NL-opt,CP,CP-03,CP-03-04,4,0.7,1,0,66625,0,0.4286,False,True,245,2048,449,0,0,0,0,0,0,0,449,True,False,,"{""hard_violations"": 4, ""h1_branch_first"": false, ""h2_dry_before_tag"": false, ""h3_retry_bound"": true, ""h4_notes_after_tag"": false, ""h5_announce_after_playbook"": true, ""h6_legal_conditional"": true, ""h7_tag_gate"": false}",,False,experiments/results/E1/raw_outputs/NL-opt/CP/CP-03-04_r4.json,0
2026-08-25T19:44:25,CSIR-SIR,CP,CP-02,CP-02-06,4,0.7,4,3,15022,127002,0.0,False,True,156,291,295,0,0,1684,2048,3424,4096,1368,295,False,True,json:no JSON object found,"{""hard_violations"": 5, ""h1_skills"": false, ""h2_coverage"": false, ""h3_caps"": false, ""h4_t1_before_t3"": false, ""h5_t4_restriction"": false, ""s1_t2_early"": false, ""s2_balance"": false, ""s3_low_switching"": false}",,False,experiments/results/E1/raw_outputs/CSIR-SIR/CP/CP-02-06_r4.json,0
2026-08-25T19:44:36,JSON,CP,CP-03,CP-03-04,4,0.7,1,0,23869,0,0.8571,False,True,238,858,389,0,0,0,0,0,0,0,389,True,False,,"{""hard_violations"": 1, ""h1_branch_first"": true, ""h2_dry_before_tag"": true, ""h3_retry_bound"": false, ""h4_notes_after_tag"": true, ""h5_announce_after_playbook"": true, ""h6_legal_conditional"": true, ""h7_tag_gate"": true}",,False,experiments/results/E1/raw_outputs/JSON/CP/CP-03-04_r4.json,0
2026-08-25T19:45:13,JSON,CP,CP-03,CP-03-06,4,0.7,1,0,16539,0,1.0,True,True,238,673,389,0,0,0,0,0,0,0,389,True,False,,"{""hard_violations"": 0, ""h1_branch_first"": true, ""h2_dry_before_tag"": true, ""h3_retry_bound"": true, ""h4_notes_after_tag"": true, ""h5_announce_after_playbook"": true, ""h6_legal_conditional"": true, ""h7_tag_gate"": true}",,False,experiments/results/E1/raw_outputs/JSON/CP/CP-03-06_r4.json,0
2026-08-25T19:46:05,NL-opt,CP,CP-03,CP-03-06,4,0.7,1,0,78665,0,0.4286,False,True,245,2048,449,0,0,0,0,0,0,0,449,True,False,,"{""hard_violations"": 4, ""h1_branch_first"": false, ""h2_dry_before_tag"": false, ""h3_retry_bound"": true, ""h4_notes_after_tag"": false, ""h5_announce_after_playbook"": true, ""h6_legal_conditional"": true, ""h7_tag_gate"": false}",,False,experiments/results/E1/raw_outputs/NL-opt/CP/CP-03-06_r4.json,0
2026-08-25T19:47:31,NL-opt,CP,CP-04,CP-04-00,4,0.7,1,0,58808,0,1.0,True,True,245,778,449,0,0,0,0,0,0,0,449,True,False,,"{""hard_violations"": 0, ""h1_all_seated_once"": true, ""h2_host_seat1"": true, ""h3_not_adj_AB"": true, ""h4_not_adj_CD"": true, ""h5_adj_EF"": true, ""s1_GH_pref"": true}",,False,experiments/results/E1/raw_outputs/NL-opt/CP/CP-04-00_r4.json,0
2026-08-25T19:47:48,CSIR-SIR,CP,CP-03,CP-03-04,4,0.7,4,3,65171,96466,0.4286,False,True,155,577,295,0,0,1623,2048,3191,2204,1368,295,False,True,json:no JSON object found,"{""hard_violations"": 4, ""h1_branch_first"": false, ""h2_dry_before_tag"": false, ""h3_retry_bound"": true, ""h4_notes_after_tag"": false, ""h5_announce_after_playbook"": true, ""h6_legal_conditional"": true, ""h7_tag_gate"": false}",,False,experiments/results/E1/raw_outputs/CSIR-SIR/CP/CP-03-04_r4.json,0
2026-08-25T19:48:01,CSIR-SIR,CP,CP-03,CP-03-02,4,0.7,4,3,103330,137587,0.4286,False,True,155,1196,295,0,0,1623,2048,3302,4096,1368,295,False,True,json:no JSON object found,"{""hard_violations"": 4, ""h1_branch_first"": false, ""h2_dry_before_tag"": false, ""h3_retry_bound"": true, ""h4_notes_after_tag"": false, ""h5_announce_after_playbook"": true, ""h6_legal_conditional"": true, ""h7_tag_gate"": false}",,False,experiments/results/E1/raw_outputs/CSIR-SIR/CP/CP-03-02_r4.json,0
2026-08-25T19:48:21,JSON,CP,CP-04,CP-04-00,4,0.7,1,0,49721,0,1.0,True,True,238,1311,389,0,0,0,0,0,0,0,389,True,False,,"{""hard_violations"": 0, ""h1_all_seated_once"": true, ""h2_host_seat1"": true, ""h3_not_adj_AB"": true, ""h4_not_adj_CD"": true, ""h5_adj_EF"": true, ""s1_GH_pref"": true}",,False,experiments/results/E1/raw_outputs/JSON/CP/CP-04-00_r4.json,0
2026-08-25T19:49:02,CSIR-SIR,CP,CP-03,CP-03-06,4,0.7,4,3,15649,150903,0.4286,False,True,155,456,295,0,0,1507,691,3302,4096,1368,295,False,True,json:no JSON object found,"{""hard_violations"": 4, ""h1_branch_first"": false, ""h2_dry_before_tag"": false, ""h3_retry_bound"": true, ""h4_notes_after_tag"": false, ""h5_announce_after_playbook"": true, ""h6_legal_conditional"": true, ""h7_tag_gate"": false}",,False,experiments/results/E1/raw_outputs/CSIR-SIR/CP/CP-03-06_r4.json,0
2026-08-25T19:49:19,NL-opt,CP,CP-04,CP-04-02,4,0.7,1,0,56885,0,1.0,True,True,230,1304,449,0,0,0,0,0,0,0,449,True,False,,"{""hard_violations"": 0, ""h1_all_seated_once"": true, ""h2_host_seat1"": true, ""h3_not_adj_AB"": true, ""h4_not_adj_CD"": true, ""h5_adj_EF"": true}",,False,experiments/results/E1/raw_outputs/NL-opt/CP/CP-04-02_r4.json,0
2026-08-25T19:49:41,NL-opt,CP,CP-04,CP-04-04,4,0.7,1,0,21673,0,1.0,True,True,232,529,449,0,0,0,0,0,0,0,449,True,False,,"{""hard_violations"": 0, ""h1_all_seated_once"": true, ""h2_host_seat1"": true, ""h3_not_adj_AB"": true, ""h4_not_adj_CD"": true, ""h5_adj_EF"": true}",,False,experiments/results/E1/raw_outputs/NL-opt/CP/CP-04-04_r4.json,0
2026-08-25T19:50:37,JSON,CP,CP-04,CP-04-02,4,0.7,1,0,31860,0,1.0,True,True,223,652,389,0,0,0,0,0,0,0,389,True,False,,"{""hard_violations"": 0, ""h1_all_seated_once"": true, ""h2_host_seat1"": true, ""h3_not_adj_AB"": true, ""h4_not_adj_CD"": true, ""h5_adj_EF"": true}",,False,experiments/results/E1/raw_outputs/JSON/CP/CP-04-02_r4.json,0
2026-08-25T19:50:38,JSON,CP,CP-04,CP-04-04,4,0.7,1,0,35785,0,1.0,True,True,225,661,389,0,0,0,0,0,0,0,389,True,False,,"{""hard_violations"": 0, ""h1_all_seated_once"": true, ""h2_host_seat1"": true, ""h3_not_adj_AB"": true, ""h4_not_adj_CD"": true, ""h5_adj_EF"": true}",,False,experiments/results/E1/raw_outputs/JSON/CP/CP-04-04_r4.json,0
2026-08-25T19:51:24,NL-opt,CP,CP-04,CP-04-06,4,0.7,1,0,45172,0,0.3333,False,True,249,723,449,0,0,0,0,0,0,0,449,True,False,,"{""hard_violations"": 3, ""h1_all_seated_once"": false, ""h2_host_seat1"": true, ""h3_not_adj_AB"": false, ""h4_not_adj_CD"": false, ""h5_adj_EF"": true, ""s1_GH_pref"": false}",,False,experiments/results/E1/raw_outputs/NL-opt/CP/CP-04-06_r4.json,0
2026-08-25T19:51:44,JSON,CP,CP-04,CP-04-06,4,0.7,1,0,18440,0,0.8333,False,True,242,386,389,0,0,0,0,0,0,0,389,True,False,,"{""hard_violations"": 1, ""h1_all_seated_once"": true, ""h2_host_seat1"": true, ""h3_not_adj_AB"": false, ""h4_not_adj_CD"": true, ""h5_adj_EF"": true, ""s1_GH_pref"": true}",,False,experiments/results/E1/raw_outputs/JSON/CP/CP-04-06_r4.json,0
2026-08-25T19:52:45,CSIR-SIR,CP,CP-04,CP-04-02,4,0.7,4,3,10466,148100,0.0,False,True,167,256,295,0,0,1608,2048,3272,4096,1368,295,False,True,json:no JSON object found,"{""hard_violations"": 5, ""h1_all_seated_once"": false, ""h2_host_seat1"": false, ""h3_not_adj_AB"": false, ""h4_not_adj_CD"": false, ""h5_adj_EF"": false}",,False,experiments/results/E1/raw_outputs/CSIR-SIR/CP/CP-04-02_r4.json,0
2026-08-25T19:53:47,CSIR-SIR,CP,CP-04,CP-04-00,4,0.7,4,3,28813,247119,0.0,False,True,167,660,295,0,0,1623,2048,3302,4096,1368,295,False,True,json:no JSON object found,"{""hard_violations"": 5, ""h1_all_seated_once"": false, ""h2_host_seat1"": false, ""h3_not_adj_AB"": false, ""h4_not_adj_CD"": false, ""h5_adj_EF"": false, ""s1_GH_pref"": false}",,False,experiments/results/E1/raw_outputs/CSIR-SIR/CP/CP-04-00_r4.json,0
2026-08-25T19:53:54,CSIR-SIR,CP,CP-04,CP-04-04,4,0.7,4,3,33625,162523,0.0,False,True,167,341,295,0,0,1610,2048,3276,4096,1368,295,False,True,json:no JSON object found,"{""hard_violations"": 5, ""h1_all_seated_once"": false, ""h2_host_seat1"": false, ""h3_not_adj_AB"": false, ""h4_not_adj_CD"": false, ""h5_adj_EF"": false}",,False,experiments/results/E1/raw_outputs/CSIR-SIR/CP/CP-04-04_r4.json,0
2026-08-25T19:54:28,JSON,CP,CP-05,CP-05-00,4,0.7,1,0,20111,0,1.0,True,True,267,621,389,0,0,0,0,0,0,0,389,True,False,,"{""hard_violations"": 0, ""h1_sum_exact"": true, ""h2_infra_floor"": true, ""h3_training_cap"": true, ""h4_ev_tool_cap"": true, ""h5_veto"": true, ""s1_training_pref"": true, ""s2_events_headroom"": true, ""s3_infra_headroom"": true}",,False,experiments/results/E1/raw_outputs/JSON/CP/CP-05-00_r4.json,0
2026-08-25T19:54:31,NL-opt,CP,CP-05,CP-05-00,4,0.7,1,0,84764,0,0.0,False,True,274,2048,449,0,0,0,0,0,0,0,449,True,False,,"{""hard_violations"": 5, ""h1_sum_exact"": false, ""h2_infra_floor"": false, ""h3_training_cap"": false, ""h4_ev_tool_cap"": false, ""h5_veto"": false, ""s1_training_pref"": false, ""s2_events_headroom"": false, ""s3_infra_headroom"": false}",,False,experiments/results/E1/raw_outputs/NL-opt/CP/CP-05-00_r4.json,0
2026-08-25T19:55:47,NL-opt,CP,CP-05,CP-05-02,4,0.7,1,0,78310,0,0.0,False,True,274,2048,449,0,0,0,0,0,0,0,449,True,False,,"{""hard_violations"": 5, ""h1_sum_exact"": false, ""h2_infra_floor"": false, ""h3_training_cap"": false, ""h4_ev_tool_cap"": false, ""h5_veto"": false, ""s1_training_pref"": false, ""s2_events_headroom"": false, ""s3_infra_headroom"": false}",,False,experiments/results/E1/raw_outputs/NL-opt/CP/CP-05-02_r4.json,0
2026-08-25T19:56:17,CSIR-SIR,CP,CP-04,CP-04-06,4,0.7,4,3,13786,238686,0.0,False,True,167,263,295,0,0,1627,2048,3310,4096,1368,295,False,True,json:no JSON object found,"{""hard_violations"": 5, ""h1_all_seated_once"": false, ""h2_host_seat1"": false, ""h3_not_adj_AB"": false, ""h4_not_adj_CD"": false, ""h5_adj_EF"": false, ""s1_GH_pref"": false}",,False,experiments/results/E1/raw_outputs/CSIR-SIR/CP/CP-04-06_r4.json,0
2026-08-25T19:57:00,CSIR-SIR,CP,CP-05,CP-05-00,4,0.7,4,3,7391,157599,0.0,False,True,158,167,295,0,0,1652,2048,3360,4096,1368,295,False,True,json:no JSON object found,"{""hard_violations"": 5, ""h1_sum_exact"": false, ""h2_infra_floor"": false, ""h3_training_cap"": false, ""h4_ev_tool_cap"": false, ""h5_veto"": false, ""s1_training_pref"": false, ""s2_events_headroom"": false, ""s3_infra_headroom"": false}",,False,experiments/results/E1/raw_outputs/CSIR-SIR/CP/CP-05-00_r4.json,0
2026-08-25T19:57:27,JSON,CP,CP-05,CP-05-02,4,0.7,2,0,111575,0,1.0,True,True,267,2048,389,683,1103,0,0,0,0,0,389,True,False,,"{""hard_violations"": 0, ""h1_sum_exact"": true, ""h2_infra_floor"": true, ""h3_training_cap"": true, ""h4_ev_tool_cap"": true, ""h5_veto"": true, ""s1_training_pref"": true, ""s2_events_headroom"": true, ""s3_infra_headroom"": true}",,False,experiments/results/E1/raw_outputs/JSON/CP/CP-05-02_r4.json,0
2026-08-25T19:57:42,NL-opt,CP,CP-05,CP-05-04,4,0.7,1,0,84975,0,0.0,False,True,274,2048,449,0,0,0,0,0,0,0,449,True,False,,"{""hard_violations"": 5, ""h1_sum_exact"": false, ""h2_infra_floor"": false, ""h3_training_cap"": false, ""h4_ev_tool_cap"": false, ""h5_veto"": false, ""s1_training_pref"": false, ""s2_events_headroom"": false, ""s3_infra_headroom"": false}",,False,experiments/results/E1/raw_outputs/NL-opt/CP/CP-05-04_r4.json,0
2026-08-25T19:58:56,JSON,CP,CP-05,CP-05-04,4,0.7,2,0,115981,0,1.0,True,True,267,2048,389,683,530,0,0,0,0,0,389,True,False,,"{""hard_violations"": 0, ""h1_sum_exact"": true, ""h2_infra_floor"": true, ""h3_training_cap"": true, ""h4_ev_tool_cap"": true, ""h5_veto"": true, ""s1_training_pref"": true, ""s2_events_headroom"": true, ""s3_infra_headroom"": true}",,False,experiments/results/E1/raw_outputs/JSON/CP/CP-05-04_r4.json,0
2026-08-25T20:00:04,JSON,CP,CP-05,CP-05-06,4,0.7,1,0,46584,0,1.0,True,True,267,1588,389,0,0,0,0,0,0,0,389,True,False,,"{""hard_violations"": 0, ""h1_sum_exact"": true, ""h2_infra_floor"": true, ""h3_training_cap"": true, ""h4_ev_tool_cap"": true, ""h5_veto"": true, ""s1_training_pref"": true, ""s2_events_headroom"": true, ""s3_infra_headroom"": true}",,False,experiments/results/E1/raw_outputs/JSON/CP/CP-05-06_r4.json,0
2026-08-25T20:00:24,CSIR-SIR,CP,CP-05,CP-05-04,4,0.7,4,3,27581,149550,0.0,False,True,158,302,295,0,0,1652,2048,3360,4096,1368,295,False,True,json:no JSON object found,"{""hard_violations"": 5, ""h1_sum_exact"": false, ""h2_infra_floor"": false, ""h3_training_cap"": false, ""h4_ev_tool_cap"": false, ""h5_veto"": false, ""s1_training_pref"": false, ""s2_events_headroom"": false, ""s3_infra_headroom"": false}",,False,experiments/results/E1/raw_outputs/CSIR-SIR/CP/CP-05-04_r4.json,0
2026-08-25T20:00:34,NL-opt,CP,CP-05,CP-05-06,4,0.7,1,0,75264,0,0.0,False,True,274,2048,449,0,0,0,0,0,0,0,449,True,False,,"{""hard_violations"": 5, ""h1_sum_exact"": false, ""h2_infra_floor"": false, ""h3_training_cap"": false, ""h4_ev_tool_cap"": false, ""h5_veto"": false, ""s1_training_pref"": false, ""s2_events_headroom"": false, ""s3_infra_headroom"": false}",,False,experiments/results/E1/raw_outputs/NL-opt/CP/CP-05-06_r4.json,0
2026-08-25T20:00:46,CSIR-SIR,CP,CP-05,CP-05-02,4,0.7,4,3,10725,245653,0.0,False,True,158,275,295,0,0,1652,2048,3360,4096,1368,295,False,True,json:no JSON object found,"{""hard_violations"": 5, ""h1_sum_exact"": false, ""h2_infra_floor"": false, ""h3_training_cap"": false, ""h4_ev_tool_cap"": false, ""h5_veto"": false, ""s1_training_pref"": false, ""s2_events_headroom"": false, ""s3_infra_headroom"": false}",,False,experiments/results/E1/raw_outputs/CSIR-SIR/CP/CP-05-02_r4.json,0
2026-08-25T20:04:03,CSIR-SIR,CP,CP-05,CP-05-06,4,0.7,4,3,9451,104847,0.0,False,True,158,291,295,0,0,1652,2048,3360,4096,1368,295,False,True,json:no JSON object found,"{""hard_violations"": 5, ""h1_sum_exact"": false, ""h2_infra_floor"": false, ""h3_training_cap"": false, ""h4_ev_tool_cap"": false, ""h5_veto"": false, ""s1_training_pref"": false, ""s2_events_headroom"": false, ""s3_infra_headroom"": false}",,False,experiments/results/E1/raw_outputs/CSIR-SIR/CP/CP-05-06_r4.json,0
