ts,arm,family,template,item_id,rep,temperature,n_attempts,n_conv_attempts,lat_total_ms,conv_lat_ms,score,gate_pass,f0_ok,v_in,v_out,f_tok,r_in,r_out,k_in,k_out,k_rin,k_rout,f_conv_tok,f_exec_tok,doc_valid,kerr_flag,conv_errors,detail,final_error,transport_fail,raw_path,rerun
2026-08-25T01:32:25,NL-plain,EX,EX-01,EX-01-00,,0.0,1,0,26269,0,0.7143,False,True,264,953,85,0,0,0,0,0,0,0,85,True,False,,"{""a1_owner"": true, ""a1_action"": false, ""a1_deadline"": true, ""a1_priority"": true, ""a2_owner"": true, ""a2_action"": false, ""a2_constraint"": false, ""a3_owner"": true, ""a3_action"": true, ""a3_deadline"": true, ""a3_priority"": true, ""guard_target"": true, ""guard_condition"": true, ""guard_type"": false}",,False,experiments/results/E1/raw_outputs/NL-plain/EX/EX-01-00.json,0
2026-08-25T01:32:35,NL-plain,EX,EX-01,EX-01-01,,0.0,1,0,33983,0,0.8571,False,True,263,1127,85,0,0,0,0,0,0,0,85,True,False,,"{""a1_owner"": true, ""a1_action"": true, ""a1_deadline"": true, ""a1_priority"": true, ""a2_owner"": true, ""a2_action"": true, ""a2_constraint"": false, ""a3_owner"": true, ""a3_action"": true, ""a3_deadline"": true, ""a3_priority"": true, ""guard_target"": true, ""guard_condition"": true, ""guard_type"": false}",,False,experiments/results/E1/raw_outputs/NL-plain/EX/EX-01-01.json,0
2026-08-25T01:32:51,NL-plain,EX,EX-01,EX-01-02,,0.0,1,0,26483,0,0.7857,False,True,263,909,85,0,0,0,0,0,0,0,85,True,False,,"{""a1_owner"": true, ""a1_action"": true, ""a1_deadline"": true, ""a1_priority"": true, ""a2_owner"": true, ""a2_action"": false, ""a2_constraint"": false, ""a3_owner"": true, ""a3_action"": true, ""a3_deadline"": true, ""a3_priority"": true, ""guard_target"": true, ""guard_condition"": true, ""guard_type"": false}",,False,experiments/results/E1/raw_outputs/NL-plain/EX/EX-01-02.json,0
2026-08-25T01:33:06,NL-plain,EX,EX-01,EX-01-03,,0.0,1,0,30323,0,0.8571,False,True,262,1095,85,0,0,0,0,0,0,0,85,True,False,,"{""a1_owner"": true, ""a1_action"": true, ""a1_deadline"": true, ""a1_priority"": true, ""a2_owner"": true, ""a2_action"": true, ""a2_constraint"": false, ""a3_owner"": true, ""a3_action"": true, ""a3_deadline"": true, ""a3_priority"": true, ""guard_target"": true, ""guard_condition"": true, ""guard_type"": false}",,False,experiments/results/E1/raw_outputs/NL-plain/EX/EX-01-03.json,0
2026-08-25T01:33:37,NL-plain,EX,EX-01,EX-01-05,,0.0,1,0,31175,0,0.7857,False,True,266,1078,85,0,0,0,0,0,0,0,85,True,False,,"{""a1_owner"": true, ""a1_action"": false, ""a1_deadline"": true, ""a1_priority"": true, ""a2_owner"": true, ""a2_action"": true, ""a2_constraint"": false, ""a3_owner"": true, ""a3_action"": true, ""a3_deadline"": true, ""a3_priority"": true, ""guard_target"": true, ""guard_condition"": true, ""guard_type"": false}",,False,experiments/results/E1/raw_outputs/NL-plain/EX/EX-01-05.json,0
2026-08-25T01:33:48,NL-plain,EX,EX-01,EX-01-04,,0.0,1,0,35726,0,0.8571,False,True,262,1355,85,0,0,0,0,0,0,0,85,True,False,,"{""a1_owner"": true, ""a1_action"": true, ""a1_deadline"": true, ""a1_priority"": true, ""a2_owner"": true, ""a2_action"": true, ""a2_constraint"": false, ""a3_owner"": true, ""a3_action"": true, ""a3_deadline"": true, ""a3_priority"": true, ""guard_target"": true, ""guard_condition"": true, ""guard_type"": false}",,False,experiments/results/E1/raw_outputs/NL-plain/EX/EX-01-04.json,0
2026-08-25T01:34:11,NL-plain,EX,EX-01,EX-01-06,,0.0,1,0,33484,0,0.8571,False,True,261,1030,85,0,0,0,0,0,0,0,85,True,False,,"{""a1_owner"": true, ""a1_action"": true, ""a1_deadline"": true, ""a1_priority"": true, ""a2_owner"": true, ""a2_action"": true, ""a2_constraint"": false, ""a3_owner"": true, ""a3_action"": true, ""a3_deadline"": true, ""a3_priority"": true, ""guard_target"": true, ""guard_condition"": true, ""guard_type"": false}",,False,experiments/results/E1/raw_outputs/NL-plain/EX/EX-01-06.json,0
2026-08-25T01:34:30,NL-plain,EX,EX-01,EX-01-07,,0.0,1,0,41439,0,0.7857,False,True,265,1437,85,0,0,0,0,0,0,0,85,True,False,,"{""a1_owner"": true, ""a1_action"": true, ""a1_deadline"": false, ""a1_priority"": true, ""a2_owner"": true, ""a2_action"": true, ""a2_constraint"": false, ""a3_owner"": true, ""a3_action"": true, ""a3_deadline"": true, ""a3_priority"": true, ""guard_target"": true, ""guard_condition"": true, ""guard_type"": false}",,False,experiments/results/E1/raw_outputs/NL-plain/EX/EX-01-07.json,0
2026-08-25T01:34:54,NL-plain,EX,EX-01,EX-01-09,,0.0,1,0,23787,0,0.7857,False,True,264,890,85,0,0,0,0,0,0,0,85,True,False,,"{""a1_owner"": true, ""a1_action"": true, ""a1_deadline"": true, ""a1_priority"": true, ""a2_owner"": true, ""a2_action"": false, ""a2_constraint"": false, ""a3_owner"": true, ""a3_action"": true, ""a3_deadline"": true, ""a3_priority"": true, ""guard_target"": true, ""guard_condition"": true, ""guard_type"": false}",,False,experiments/results/E1/raw_outputs/NL-plain/EX/EX-01-09.json,0
2026-08-25T01:35:05,NL-plain,EX,EX-01,EX-01-08,,0.0,1,0,31728,0,0.8571,False,True,264,1039,85,0,0,0,0,0,0,0,85,True,False,,"{""a1_owner"": true, ""a1_action"": true, ""a1_deadline"": true, ""a1_priority"": true, ""a2_owner"": true, ""a2_action"": true, ""a2_constraint"": false, ""a3_owner"": true, ""a3_action"": true, ""a3_deadline"": true, ""a3_priority"": true, ""guard_target"": true, ""guard_condition"": true, ""guard_type"": false}",,False,experiments/results/E1/raw_outputs/NL-plain/EX/EX-01-08.json,0
2026-08-25T01:35:38,NL-plain,EX,EX-02,EX-02-00,,0.0,1,0,43544,0,0.7692,False,True,316,1219,85,0,0,0,0,0,0,0,85,True,False,,"{""incident_id"": true, ""service"": true, ""symptom"": false, ""t_open"": true, ""blast_region"": true, ""blast_share"": false, ""rollback_deploy_id"": true, ""rollback_time"": true, ""suspected_cause"": true, ""status_page_time"": true, ""enterprise_email_required"": true, ""exception_company"": true, ""exception_notify"": false}",,False,experiments/results/E1/raw_outputs/NL-plain/EX/EX-02-00.json,0
2026-08-25T01:36:03,NL-plain,EX,EX-02,EX-02-01,,0.0,1,0,14958,0,0.8462,False,True,306,598,85,0,0,0,0,0,0,0,85,True,False,,"{""incident_id"": true, ""service"": true, ""symptom"": true, ""t_open"": true, ""blast_region"": true, ""blast_share"": false, ""rollback_deploy_id"": true, ""rollback_time"": true, ""suspected_cause"": true, ""status_page_time"": true, ""enterprise_email_required"": true, ""exception_company"": true, ""exception_notify"": false}",,False,experiments/results/E1/raw_outputs/NL-plain/EX/EX-02-01.json,0
2026-08-25T01:36:04,NL-plain,EX,EX-02,EX-02-02,,0.0,1,0,26308,0,0.8462,False,True,309,983,85,0,0,0,0,0,0,0,85,True,False,,"{""incident_id"": true, ""service"": true, ""symptom"": true, ""t_open"": true, ""blast_region"": true, ""blast_share"": false, ""rollback_deploy_id"": true, ""rollback_time"": true, ""suspected_cause"": true, ""status_page_time"": true, ""enterprise_email_required"": true, ""exception_company"": true, ""exception_notify"": false}",,False,experiments/results/E1/raw_outputs/NL-plain/EX/EX-02-02.json,0
2026-08-25T01:36:42,NL-plain,EX,EX-02,EX-02-03,,0.0,1,0,18155,0,0.7692,False,True,309,692,85,0,0,0,0,0,0,0,85,True,False,,"{""incident_id"": true, ""service"": true, ""symptom"": false, ""t_open"": true, ""blast_region"": true, ""blast_share"": false, ""rollback_deploy_id"": true, ""rollback_time"": true, ""suspected_cause"": true, ""status_page_time"": true, ""enterprise_email_required"": true, ""exception_company"": true, ""exception_notify"": false}",,False,experiments/results/E1/raw_outputs/NL-plain/EX/EX-02-03.json,0
2026-08-25T01:37:42,NL-plain,EX,EX-02,EX-02-04,,0.0,1,0,74619,0,0.8462,False,True,311,790,85,0,0,0,0,0,0,0,85,True,False,,"{""incident_id"": true, ""service"": true, ""symptom"": true, ""t_open"": true, ""blast_region"": true, ""blast_share"": false, ""rollback_deploy_id"": true, ""rollback_time"": true, ""suspected_cause"": true, ""status_page_time"": true, ""enterprise_email_required"": true, ""exception_company"": true, ""exception_notify"": false}",,False,experiments/results/E1/raw_outputs/NL-plain/EX/EX-02-04.json,0
2026-08-25T01:38:24,NL-plain,EX,EX-02,EX-02-06,,0.0,1,0,21090,0,0.8462,False,True,308,898,85,0,0,0,0,0,0,0,85,True,False,,"{""incident_id"": true, ""service"": true, ""symptom"": true, ""t_open"": true, ""blast_region"": true, ""blast_share"": false, ""rollback_deploy_id"": true, ""rollback_time"": true, ""suspected_cause"": true, ""status_page_time"": true, ""enterprise_email_required"": true, ""exception_company"": true, ""exception_notify"": false}",,False,experiments/results/E1/raw_outputs/NL-plain/EX/EX-02-06.json,0
2026-08-25T01:38:33,NL-plain,EX,EX-02,EX-02-05,,0.0,1,0,25316,0,0.8462,False,True,313,1090,85,0,0,0,0,0,0,0,85,True,False,,"{""incident_id"": true, ""service"": true, ""symptom"": true, ""t_open"": true, ""blast_region"": true, ""blast_share"": false, ""rollback_deploy_id"": true, ""rollback_time"": true, ""suspected_cause"": true, ""status_page_time"": true, ""enterprise_email_required"": true, ""exception_company"": true, ""exception_notify"": false}",,False,experiments/results/E1/raw_outputs/NL-plain/EX/EX-02-05.json,0
2026-08-25T01:39:02,NL-plain,EX,EX-02,EX-02-08,,0.0,1,0,29410,0,0.8462,False,True,315,1227,85,0,0,0,0,0,0,0,85,True,False,,"{""incident_id"": true, ""service"": true, ""symptom"": true, ""t_open"": true, ""blast_region"": true, ""blast_share"": false, ""rollback_deploy_id"": true, ""rollback_time"": true, ""suspected_cause"": true, ""status_page_time"": true, ""enterprise_email_required"": true, ""exception_company"": true, ""exception_notify"": false}",,False,experiments/results/E1/raw_outputs/NL-plain/EX/EX-02-08.json,0
2026-08-25T01:39:12,NL-plain,EX,EX-02,EX-02-07,,0.0,1,0,47322,0,0.8462,False,True,310,1431,85,0,0,0,0,0,0,0,85,True,False,,"{""incident_id"": true, ""service"": true, ""symptom"": true, ""t_open"": true, ""blast_region"": true, ""blast_share"": false, ""rollback_deploy_id"": true, ""rollback_time"": true, ""suspected_cause"": true, ""status_page_time"": true, ""enterprise_email_required"": true, ""exception_company"": true, ""exception_notify"": false}",,False,experiments/results/E1/raw_outputs/NL-plain/EX/EX-02-07.json,0
2026-08-25T01:39:27,NL-plain,EX,EX-02,EX-02-09,,0.0,1,0,23941,0,0.8462,False,True,310,993,85,0,0,0,0,0,0,0,85,True,False,,"{""incident_id"": true, ""service"": true, ""symptom"": true, ""t_open"": true, ""blast_region"": true, ""blast_share"": false, ""rollback_deploy_id"": true, ""rollback_time"": true, ""suspected_cause"": true, ""status_page_time"": true, ""enterprise_email_required"": true, ""exception_company"": true, ""exception_notify"": false}",,False,experiments/results/E1/raw_outputs/NL-plain/EX/EX-02-09.json,0
2026-08-25T01:39:29,NL-plain,EX,EX-03,EX-03-00,,0.0,1,0,17094,0,0.8889,False,True,245,578,85,0,0,0,0,0,0,0,85,True,False,,"{""rent_due_day"": true, ""fee_amount_usd"": true, ""fee_trigger_days"": true, ""prohibition_paint"": true, ""prohibition_sublet"": true, ""pet_weight_limit_kg"": true, ""consent_escape"": false, ""notice_hours"": true, ""notice_exception"": true}",,False,experiments/results/E1/raw_outputs/NL-plain/EX/EX-03-00.json,0
2026-08-25T01:39:41,NL-plain,EX,EX-03,EX-03-02,,0.0,1,0,10960,0,0.7778,False,True,245,413,85,0,0,0,0,0,0,0,85,True,False,,"{""rent_due_day"": false, ""fee_amount_usd"": true, ""fee_trigger_days"": true, ""prohibition_paint"": true, ""prohibition_sublet"": true, ""pet_weight_limit_kg"": true, ""consent_escape"": false, ""notice_hours"": true, ""notice_exception"": true}",,False,experiments/results/E1/raw_outputs/NL-plain/EX/EX-03-02.json,0
2026-08-25T01:39:45,NL-plain,EX,EX-03,EX-03-01,,0.0,1,0,18117,0,0.8889,False,True,245,622,85,0,0,0,0,0,0,0,85,True,False,,"{""rent_due_day"": true, ""fee_amount_usd"": true, ""fee_trigger_days"": true, ""prohibition_paint"": true, ""prohibition_sublet"": true, ""pet_weight_limit_kg"": true, ""consent_escape"": false, ""notice_hours"": true, ""notice_exception"": true}",,False,experiments/results/E1/raw_outputs/NL-plain/EX/EX-03-01.json,0
2026-08-25T01:39:51,NL-plain,EX,EX-03,EX-03-03,,0.0,1,0,10550,0,0.8889,False,True,245,375,85,0,0,0,0,0,0,0,85,True,False,,"{""rent_due_day"": true, ""fee_amount_usd"": true, ""fee_trigger_days"": true, ""prohibition_paint"": true, ""prohibition_sublet"": true, ""pet_weight_limit_kg"": true, ""consent_escape"": false, ""notice_hours"": true, ""notice_exception"": true}",,False,experiments/results/E1/raw_outputs/NL-plain/EX/EX-03-03.json,0
2026-08-25T01:40:01,NL-plain,EX,EX-03,EX-03-05,,0.0,1,0,9067,0,0.8889,False,True,245,322,85,0,0,0,0,0,0,0,85,True,False,,"{""rent_due_day"": true, ""fee_amount_usd"": true, ""fee_trigger_days"": true, ""prohibition_paint"": true, ""prohibition_sublet"": true, ""pet_weight_limit_kg"": true, ""consent_escape"": false, ""notice_hours"": true, ""notice_exception"": true}",,False,experiments/results/E1/raw_outputs/NL-plain/EX/EX-03-05.json,0
2026-08-25T01:40:09,NL-plain,EX,EX-03,EX-03-04,,0.0,1,0,23699,0,0.8889,False,True,245,850,85,0,0,0,0,0,0,0,85,True,False,,"{""rent_due_day"": true, ""fee_amount_usd"": true, ""fee_trigger_days"": true, ""prohibition_paint"": true, ""prohibition_sublet"": true, ""pet_weight_limit_kg"": true, ""consent_escape"": false, ""notice_hours"": true, ""notice_exception"": true}",,False,experiments/results/E1/raw_outputs/NL-plain/EX/EX-03-04.json,0
2026-08-25T01:40:11,NL-plain,EX,EX-03,EX-03-06,,0.0,1,0,9833,0,0.8889,False,True,245,361,85,0,0,0,0,0,0,0,85,True,False,,"{""rent_due_day"": true, ""fee_amount_usd"": true, ""fee_trigger_days"": true, ""prohibition_paint"": true, ""prohibition_sublet"": true, ""pet_weight_limit_kg"": true, ""consent_escape"": false, ""notice_hours"": true, ""notice_exception"": true}",,False,experiments/results/E1/raw_outputs/NL-plain/EX/EX-03-06.json,0
2026-08-25T01:40:32,NL-plain,EX,EX-03,EX-03-08,,0.0,1,0,19602,0,0.7778,False,True,245,593,85,0,0,0,0,0,0,0,85,True,False,,"{""rent_due_day"": false, ""fee_amount_usd"": true, ""fee_trigger_days"": true, ""prohibition_paint"": true, ""prohibition_sublet"": true, ""pet_weight_limit_kg"": true, ""consent_escape"": false, ""notice_hours"": true, ""notice_exception"": true}",,False,experiments/results/E1/raw_outputs/NL-plain/EX/EX-03-08.json,0
2026-08-25T01:40:49,NL-plain,EX,EX-03,EX-03-07,,0.0,1,0,39994,0,0.6667,False,True,245,923,85,0,0,0,0,0,0,0,85,True,False,,"{""rent_due_day"": true, ""fee_amount_usd"": true, ""fee_trigger_days"": true, ""prohibition_paint"": false, ""prohibition_sublet"": false, ""pet_weight_limit_kg"": true, ""consent_escape"": false, ""notice_hours"": true, ""notice_exception"": true}",,False,experiments/results/E1/raw_outputs/NL-plain/EX/EX-03-07.json,0
2026-08-25T01:41:16,NL-plain,EX,EX-03,EX-03-09,,0.0,1,0,23533,0,0.8889,False,True,245,853,85,0,0,0,0,0,0,0,85,True,False,,"{""rent_due_day"": true, ""fee_amount_usd"": true, ""fee_trigger_days"": true, ""prohibition_paint"": true, ""prohibition_sublet"": true, ""pet_weight_limit_kg"": true, ""consent_escape"": false, ""notice_hours"": true, ""notice_exception"": true}",,False,experiments/results/E1/raw_outputs/NL-plain/EX/EX-03-09.json,0
2026-08-25T01:41:48,NL-plain,EX,EX-04,EX-04-01,,0.0,1,0,30985,0,0.9375,False,True,342,1207,85,0,0,0,0,0,0,0,85,True,False,,"{""ship_date"": true, ""pickup_start"": true, ""pickup_end"": true, ""cargo1_name"": true, ""cargo1_qty"": true, ""cargo1_unit"": true, ""cargo1_weight_each_kg"": true, ""cargo2_name"": true, ""cargo2_qty"": true, ""cargo2_unit"": true, ""cargo2_weight_total_kg"": true, ""handling_exclusion"": false, ""docs_deadline_date"": true, ""roll_to_date"": true, ""docs_filed_date"": true, ""condition_triggered"": true}",,False,experiments/results/E1/raw_outputs/NL-plain/EX/EX-04-01.json,0
2026-08-25T01:42:12,NL-plain,EX,EX-04,EX-04-02,,0.0,1,0,24203,0,0.9375,False,True,341,1008,85,0,0,0,0,0,0,0,85,True,False,,"{""ship_date"": true, ""pickup_start"": true, ""pickup_end"": true, ""cargo1_name"": true, ""cargo1_qty"": true, ""cargo1_unit"": true, ""cargo1_weight_each_kg"": true, ""cargo2_name"": true, ""cargo2_qty"": true, ""cargo2_unit"": true, ""cargo2_weight_total_kg"": true, ""handling_exclusion"": false, ""docs_deadline_date"": true, ""roll_to_date"": true, ""docs_filed_date"": true, ""condition_triggered"": true}",,False,experiments/results/E1/raw_outputs/NL-plain/EX/EX-04-02.json,0
2026-08-25T01:42:15,NL-plain,EX,EX-04,EX-04-00,,0.0,1,0,22208,0,0.9375,False,True,340,934,85,0,0,0,0,0,0,0,85,True,False,,"{""ship_date"": true, ""pickup_start"": true, ""pickup_end"": true, ""cargo1_name"": true, ""cargo1_qty"": true, ""cargo1_unit"": true, ""cargo1_weight_each_kg"": true, ""cargo2_name"": true, ""cargo2_qty"": true, ""cargo2_unit"": true, ""cargo2_weight_total_kg"": true, ""handling_exclusion"": false, ""docs_deadline_date"": true, ""roll_to_date"": true, ""docs_filed_date"": true, ""condition_triggered"": true}",,False,experiments/results/E1/raw_outputs/NL-plain/EX/EX-04-00.json,0
2026-08-25T01:42:33,NL-plain,EX,EX-04,EX-04-03,,0.0,1,0,20990,0,0.9375,False,True,341,833,85,0,0,0,0,0,0,0,85,True,False,,"{""ship_date"": true, ""pickup_start"": true, ""pickup_end"": true, ""cargo1_name"": true, ""cargo1_qty"": true, ""cargo1_unit"": true, ""cargo1_weight_each_kg"": true, ""cargo2_name"": true, ""cargo2_qty"": true, ""cargo2_unit"": true, ""cargo2_weight_total_kg"": true, ""handling_exclusion"": false, ""docs_deadline_date"": true, ""roll_to_date"": true, ""docs_filed_date"": true, ""condition_triggered"": true}",,False,experiments/results/E1/raw_outputs/NL-plain/EX/EX-04-03.json,0
2026-08-25T01:42:46,NL-plain,EX,EX-04,EX-04-04,,0.0,1,0,30401,0,0.9375,False,True,342,1051,85,0,0,0,0,0,0,0,85,True,False,,"{""ship_date"": true, ""pickup_start"": true, ""pickup_end"": true, ""cargo1_name"": true, ""cargo1_qty"": true, ""cargo1_unit"": true, ""cargo1_weight_each_kg"": true, ""cargo2_name"": true, ""cargo2_qty"": true, ""cargo2_unit"": true, ""cargo2_weight_total_kg"": true, ""handling_exclusion"": false, ""docs_deadline_date"": true, ""roll_to_date"": true, ""docs_filed_date"": true, ""condition_triggered"": true}",,False,experiments/results/E1/raw_outputs/NL-plain/EX/EX-04-04.json,0
2026-08-25T01:43:12,NL-plain,EX,EX-04,EX-04-05,,0.0,1,0,38508,0,0.9375,False,True,341,1298,85,0,0,0,0,0,0,0,85,True,False,,"{""ship_date"": true, ""pickup_start"": true, ""pickup_end"": true, ""cargo1_name"": true, ""cargo1_qty"": true, ""cargo1_unit"": true, ""cargo1_weight_each_kg"": true, ""cargo2_name"": true, ""cargo2_qty"": true, ""cargo2_unit"": true, ""cargo2_weight_total_kg"": true, ""handling_exclusion"": false, ""docs_deadline_date"": true, ""roll_to_date"": true, ""docs_filed_date"": true, ""condition_triggered"": true}",,False,experiments/results/E1/raw_outputs/NL-plain/EX/EX-04-05.json,0
2026-08-25T01:43:23,NL-plain,EX,EX-04,EX-04-06,,0.0,1,0,36787,0,0.9375,False,True,341,1383,85,0,0,0,0,0,0,0,85,True,False,,"{""ship_date"": true, ""pickup_start"": true, ""pickup_end"": true, ""cargo1_name"": true, ""cargo1_qty"": true, ""cargo1_unit"": true, ""cargo1_weight_each_kg"": true, ""cargo2_name"": true, ""cargo2_qty"": true, ""cargo2_unit"": true, ""cargo2_weight_total_kg"": true, ""handling_exclusion"": false, ""docs_deadline_date"": true, ""roll_to_date"": true, ""docs_filed_date"": true, ""condition_triggered"": true}",,False,experiments/results/E1/raw_outputs/NL-plain/EX/EX-04-06.json,0
2026-08-25T01:43:37,NL-plain,EX,EX-04,EX-04-07,,0.0,1,0,25045,0,0.9375,False,True,341,823,85,0,0,0,0,0,0,0,85,True,False,,"{""ship_date"": true, ""pickup_start"": true, ""pickup_end"": true, ""cargo1_name"": true, ""cargo1_qty"": true, ""cargo1_unit"": true, ""cargo1_weight_each_kg"": true, ""cargo2_name"": true, ""cargo2_qty"": true, ""cargo2_unit"": true, ""cargo2_weight_total_kg"": true, ""handling_exclusion"": false, ""docs_deadline_date"": true, ""roll_to_date"": true, ""docs_filed_date"": true, ""condition_triggered"": true}",,False,experiments/results/E1/raw_outputs/NL-plain/EX/EX-04-07.json,0
2026-08-25T01:43:49,NL-plain,EX,EX-04,EX-04-08,,0.0,1,0,26612,0,0.9375,False,True,340,657,85,0,0,0,0,0,0,0,85,True,False,,"{""ship_date"": true, ""pickup_start"": true, ""pickup_end"": true, ""cargo1_name"": true, ""cargo1_qty"": true, ""cargo1_unit"": true, ""cargo1_weight_each_kg"": true, ""cargo2_name"": true, ""cargo2_qty"": true, ""cargo2_unit"": true, ""cargo2_weight_total_kg"": true, ""handling_exclusion"": false, ""docs_deadline_date"": true, ""roll_to_date"": true, ""docs_filed_date"": true, ""condition_triggered"": true}",,False,experiments/results/E1/raw_outputs/NL-plain/EX/EX-04-08.json,0
2026-08-25T01:44:00,NL-plain,EX,EX-04,EX-04-09,,0.0,1,0,23210,0,0.9375,False,True,341,968,85,0,0,0,0,0,0,0,85,True,False,,"{""ship_date"": true, ""pickup_start"": true, ""pickup_end"": true, ""cargo1_name"": true, ""cargo1_qty"": true, ""cargo1_unit"": true, ""cargo1_weight_each_kg"": true, ""cargo2_name"": true, ""cargo2_qty"": true, ""cargo2_unit"": true, ""cargo2_weight_total_kg"": true, ""handling_exclusion"": false, ""docs_deadline_date"": true, ""roll_to_date"": true, ""docs_filed_date"": true, ""condition_triggered"": true}",,False,experiments/results/E1/raw_outputs/NL-plain/EX/EX-04-09.json,0
2026-08-25T01:44:36,NL-plain,EX,EX-05,EX-05-00,,0.0,1,0,25577,0,0.8,False,True,244,808,85,0,0,0,0,0,0,0,85,True,False,,"{""category"": false, ""version"": true, ""symptom_condition"": true, ""tier"": true, ""seats"": true, ""deadline_day"": true, ""deadline_month"": false, ""mitigations_tried"": true, ""priority"": true, ""exec_visible"": true}",,False,experiments/results/E1/raw_outputs/NL-plain/EX/EX-05-00.json,0
2026-08-25T01:45:01,NL-plain,EX,EX-05,EX-05-01,,0.0,1,0,60379,0,0.9,False,True,243,1946,85,0,0,0,0,0,0,0,85,True,False,,"{""category"": false, ""version"": true, ""symptom_condition"": true, ""tier"": true, ""seats"": true, ""deadline_day"": true, ""deadline_month"": true, ""mitigations_tried"": true, ""priority"": true, ""exec_visible"": true}",,False,experiments/results/E1/raw_outputs/NL-plain/EX/EX-05-01.json,0
2026-08-25T01:45:35,NL-plain,EX,EX-05,EX-05-02,,0.0,1,0,58337,0,1.0,True,True,241,2011,85,0,0,0,0,0,0,0,85,True,False,,"{""category"": true, ""version"": true, ""symptom_condition"": true, ""tier"": true, ""seats"": true, ""deadline_day"": true, ""deadline_month"": true, ""mitigations_tried"": true, ""priority"": true, ""exec_visible"": true}",,False,experiments/results/E1/raw_outputs/NL-plain/EX/EX-05-02.json,0
2026-08-25T01:45:58,NL-plain,EX,EX-05,EX-05-03,,0.0,1,0,35430,0,0.7,False,True,236,1207,85,0,0,0,0,0,0,0,85,True,False,,"{""category"": false, ""version"": true, ""symptom_condition"": true, ""tier"": true, ""seats"": true, ""deadline_day"": true, ""deadline_month"": false, ""mitigations_tried"": false, ""priority"": true, ""exec_visible"": true}",,False,experiments/results/E1/raw_outputs/NL-plain/EX/EX-05-03.json,0
2026-08-25T01:46:22,NL-plain,EX,EX-05,EX-05-05,,0.0,1,0,22161,0,0.9,False,True,244,694,85,0,0,0,0,0,0,0,85,True,False,,"{""category"": true, ""version"": true, ""symptom_condition"": true, ""tier"": true, ""seats"": true, ""deadline_day"": true, ""deadline_month"": false, ""mitigations_tried"": true, ""priority"": true, ""exec_visible"": true}",,False,experiments/results/E1/raw_outputs/NL-plain/EX/EX-05-05.json,0
2026-08-25T01:47:23,NL-plain,EX,EX-05,EX-05-04,,0.0,1,0,65528,0,0.6,False,True,244,902,85,0,0,0,0,0,0,0,85,True,False,,"{""category"": false, ""version"": true, ""symptom_condition"": true, ""tier"": true, ""seats"": true, ""deadline_day"": true, ""deadline_month"": false, ""mitigations_tried"": false, ""priority"": true, ""exec_visible"": false}",,False,experiments/results/E1/raw_outputs/NL-plain/EX/EX-05-04.json,0
2026-08-25T01:47:29,NL-plain,EX,EX-05,EX-05-06,,0.0,1,0,66806,0,0.1,False,True,244,2048,85,0,0,0,0,0,0,0,85,True,False,,"{""category"": false, ""version"": false, ""symptom_condition"": false, ""tier"": false, ""seats"": false, ""deadline_day"": false, ""deadline_month"": true, ""mitigations_tried"": false, ""priority"": false, ""exec_visible"": false}",,False,experiments/results/E1/raw_outputs/NL-plain/EX/EX-05-06.json,0
2026-08-25T01:47:56,NL-plain,EX,EX-05,EX-05-07,,0.0,1,0,32490,0,0.9,False,True,243,1060,85,0,0,0,0,0,0,0,85,True,False,,"{""category"": true, ""version"": true, ""symptom_condition"": true, ""tier"": true, ""seats"": true, ""deadline_day"": true, ""deadline_month"": false, ""mitigations_tried"": true, ""priority"": true, ""exec_visible"": true}",,False,experiments/results/E1/raw_outputs/NL-plain/EX/EX-05-07.json,0
2026-08-25T01:48:30,NL-plain,EX,EX-05,EX-05-08,,0.0,1,0,61535,0,0.8,False,True,241,1902,85,0,0,0,0,0,0,0,85,True,False,,"{""category"": false, ""version"": true, ""symptom_condition"": true, ""tier"": true, ""seats"": true, ""deadline_day"": true, ""deadline_month"": false, ""mitigations_tried"": true, ""priority"": true, ""exec_visible"": true}",,False,experiments/results/E1/raw_outputs/NL-plain/EX/EX-05-08.json,0
2026-08-25T01:49:24,NL-plain,EX,EX-05,EX-05-09,,0.0,1,0,66305,0,0.1,False,True,244,2048,85,0,0,0,0,0,0,0,85,True,False,,"{""category"": false, ""version"": false, ""symptom_condition"": false, ""tier"": false, ""seats"": false, ""deadline_day"": false, ""deadline_month"": true, ""mitigations_tried"": false, ""priority"": false, ""exec_visible"": false}",,False,experiments/results/E1/raw_outputs/NL-plain/EX/EX-05-09.json,0
2026-08-25T01:49:43,NL-opt,EX,EX-01,EX-01-00,,0.0,1,0,50754,0,0.7143,False,True,271,1759,449,0,0,0,0,0,0,0,449,True,False,,"{""a1_owner"": true, ""a1_action"": true, ""a1_deadline"": true, ""a1_priority"": false, ""a2_owner"": true, ""a2_action"": true, ""a2_constraint"": false, ""a3_owner"": true, ""a3_action"": true, ""a3_deadline"": true, ""a3_priority"": true, ""guard_target"": true, ""guard_condition"": false, ""guard_type"": false}",,False,experiments/results/E1/raw_outputs/NL-opt/EX/EX-01-00.json,0
2026-08-25T01:50:23,NL-opt,EX,EX-01,EX-01-01,,0.0,1,0,59419,0,0.7143,False,True,270,1942,449,0,0,0,0,0,0,0,449,True,False,,"{""a1_owner"": true, ""a1_action"": true, ""a1_deadline"": true, ""a1_priority"": false, ""a2_owner"": true, ""a2_action"": true, ""a2_constraint"": false, ""a3_owner"": true, ""a3_action"": true, ""a3_deadline"": true, ""a3_priority"": true, ""guard_target"": true, ""guard_condition"": false, ""guard_type"": false}",,False,experiments/results/E1/raw_outputs/NL-opt/EX/EX-01-01.json,0
2026-08-25T01:50:49,NL-opt,EX,EX-01,EX-01-02,,0.0,1,0,66137,0,0.1429,False,True,270,2048,449,0,0,0,0,0,0,0,449,True,False,,"{""a1_owner"": false, ""a1_action"": false, ""a1_deadline"": false, ""a1_priority"": true, ""a2_owner"": true, ""a2_action"": false, ""a2_constraint"": false, ""a3_owner"": false, ""a3_action"": false, ""a3_deadline"": false, ""a3_priority"": false, ""guard_target"": false, ""guard_condition"": false, ""guard_type"": false}",,False,experiments/results/E1/raw_outputs/NL-opt/EX/EX-01-02.json,0
2026-08-25T01:51:21,NL-opt,EX,EX-01,EX-01-03,,0.0,1,0,57575,0,0.7857,False,True,269,1924,449,0,0,0,0,0,0,0,449,True,False,,"{""a1_owner"": true, ""a1_action"": true, ""a1_deadline"": true, ""a1_priority"": false, ""a2_owner"": true, ""a2_action"": true, ""a2_constraint"": false, ""a3_owner"": true, ""a3_action"": true, ""a3_deadline"": true, ""a3_priority"": true, ""guard_target"": true, ""guard_condition"": true, ""guard_type"": false}",,False,experiments/results/E1/raw_outputs/NL-opt/EX/EX-01-03.json,0
2026-08-25T01:51:45,NL-opt,EX,EX-01,EX-01-04,,0.0,1,0,55933,0,0.7857,False,True,269,1897,449,0,0,0,0,0,0,0,449,True,False,,"{""a1_owner"": true, ""a1_action"": true, ""a1_deadline"": true, ""a1_priority"": false, ""a2_owner"": true, ""a2_action"": true, ""a2_constraint"": false, ""a3_owner"": true, ""a3_action"": true, ""a3_deadline"": true, ""a3_priority"": true, ""guard_target"": true, ""guard_condition"": true, ""guard_type"": false}",,False,experiments/results/E1/raw_outputs/NL-opt/EX/EX-01-04.json,0
2026-08-25T01:52:56,NL-opt,EX,EX-01,EX-01-05,,0.0,1,0,95587,0,0.7143,False,True,273,1535,449,0,0,0,0,0,0,0,449,True,False,,"{""a1_owner"": true, ""a1_action"": true, ""a1_deadline"": true, ""a1_priority"": false, ""a2_owner"": true, ""a2_action"": true, ""a2_constraint"": false, ""a3_owner"": true, ""a3_action"": true, ""a3_deadline"": true, ""a3_priority"": true, ""guard_target"": true, ""guard_condition"": false, ""guard_type"": false}",,False,experiments/results/E1/raw_outputs/NL-opt/EX/EX-01-05.json,0
2026-08-25T01:53:51,NL-opt,EX,EX-01,EX-01-07,,0.0,1,0,54579,0,0.8571,False,True,272,1880,449,0,0,0,0,0,0,0,449,True,False,,"{""a1_owner"": true, ""a1_action"": true, ""a1_deadline"": true, ""a1_priority"": true, ""a2_owner"": true, ""a2_action"": true, ""a2_constraint"": false, ""a3_owner"": true, ""a3_action"": true, ""a3_deadline"": true, ""a3_priority"": true, ""guard_target"": true, ""guard_condition"": true, ""guard_type"": false}",,False,experiments/results/E1/raw_outputs/NL-opt/EX/EX-01-07.json,0
2026-08-25T01:53:59,NL-opt,EX,EX-01,EX-01-06,,0.0,1,0,48021,0,0.7857,False,True,268,1620,449,0,0,0,0,0,0,0,449,True,False,,"{""a1_owner"": true, ""a1_action"": true, ""a1_deadline"": true, ""a1_priority"": false, ""a2_owner"": true, ""a2_action"": true, ""a2_constraint"": false, ""a3_owner"": true, ""a3_action"": true, ""a3_deadline"": true, ""a3_priority"": true, ""guard_target"": true, ""guard_condition"": true, ""guard_type"": false}",,False,experiments/results/E1/raw_outputs/NL-opt/EX/EX-01-06.json,0
2026-08-25T01:54:48,NL-opt,EX,EX-01,EX-01-09,,0.0,1,0,49003,0,0.7857,False,True,271,1660,449,0,0,0,0,0,0,0,449,True,False,,"{""a1_owner"": true, ""a1_action"": true, ""a1_deadline"": true, ""a1_priority"": false, ""a2_owner"": true, ""a2_action"": true, ""a2_constraint"": false, ""a3_owner"": true, ""a3_action"": true, ""a3_deadline"": true, ""a3_priority"": true, ""guard_target"": true, ""guard_condition"": true, ""guard_type"": false}",,False,experiments/results/E1/raw_outputs/NL-opt/EX/EX-01-09.json,0
2026-08-25T01:55:13,NL-opt,EX,EX-02,EX-02-00,,0.0,1,0,25617,0,0.7692,False,True,323,1067,449,0,0,0,0,0,0,0,449,True,False,,"{""incident_id"": true, ""service"": true, ""symptom"": false, ""t_open"": true, ""blast_region"": true, ""blast_share"": false, ""rollback_deploy_id"": true, ""rollback_time"": true, ""suspected_cause"": true, ""status_page_time"": true, ""enterprise_email_required"": true, ""exception_company"": true, ""exception_notify"": false}",,False,experiments/results/E1/raw_outputs/NL-opt/EX/EX-02-00.json,0
2026-08-25T01:55:16,NL-opt,EX,EX-01,EX-01-08,,0.0,1,0,63331,0,0.6429,False,True,271,2048,449,0,0,0,0,0,0,0,449,True,False,,"{""a1_owner"": true, ""a1_action"": true, ""a1_deadline"": true, ""a1_priority"": false, ""a2_owner"": true, ""a2_action"": true, ""a2_constraint"": false, ""a3_owner"": true, ""a3_action"": true, ""a3_deadline"": true, ""a3_priority"": true, ""guard_target"": false, ""guard_condition"": false, ""guard_type"": false}",,False,experiments/results/E1/raw_outputs/NL-opt/EX/EX-01-08.json,0
2026-08-25T01:55:38,NL-opt,EX,EX-02,EX-02-02,,0.0,1,0,21267,0,0.7692,False,True,316,878,449,0,0,0,0,0,0,0,449,True,False,,"{""incident_id"": true, ""service"": true, ""symptom"": false, ""t_open"": true, ""blast_region"": true, ""blast_share"": false, ""rollback_deploy_id"": true, ""rollback_time"": true, ""suspected_cause"": true, ""status_page_time"": true, ""enterprise_email_required"": true, ""exception_company"": true, ""exception_notify"": false}",,False,experiments/results/E1/raw_outputs/NL-opt/EX/EX-02-02.json,0
2026-08-25T01:55:50,NL-opt,EX,EX-02,EX-02-01,,0.0,1,0,36795,0,0.8462,False,True,313,1423,449,0,0,0,0,0,0,0,449,True,False,,"{""incident_id"": true, ""service"": true, ""symptom"": true, ""t_open"": true, ""blast_region"": true, ""blast_share"": false, ""rollback_deploy_id"": true, ""rollback_time"": true, ""suspected_cause"": true, ""status_page_time"": true, ""enterprise_email_required"": true, ""exception_company"": true, ""exception_notify"": false}",,False,experiments/results/E1/raw_outputs/NL-opt/EX/EX-02-01.json,0
2026-08-25T01:56:47,NL-opt,EX,EX-02,EX-02-03,,0.0,1,0,26754,0,0.8462,False,True,316,1150,449,0,0,0,0,0,0,0,449,True,False,,"{""incident_id"": true, ""service"": true, ""symptom"": true, ""t_open"": true, ""blast_region"": true, ""blast_share"": false, ""rollback_deploy_id"": true, ""rollback_time"": true, ""suspected_cause"": true, ""status_page_time"": true, ""enterprise_email_required"": true, ""exception_company"": true, ""exception_notify"": false}",,False,experiments/results/E1/raw_outputs/NL-opt/EX/EX-02-03.json,0
2026-08-25T01:57:09,NL-opt,EX,EX-02,EX-02-04,,0.0,1,0,57711,0,0.0769,False,True,318,2048,449,0,0,0,0,0,0,0,449,True,False,,"{""incident_id"": false, ""service"": false, ""symptom"": false, ""t_open"": false, ""blast_region"": false, ""blast_share"": false, ""rollback_deploy_id"": false, ""rollback_time"": false, ""suspected_cause"": false, ""status_page_time"": false, ""enterprise_email_required"": true, ""exception_company"": false, ""exception_notify"": false}",,False,experiments/results/E1/raw_outputs/NL-opt/EX/EX-02-04.json,0
2026-08-25T01:57:36,NL-opt,EX,EX-02,EX-02-05,,0.0,1,0,48361,0,0.8462,False,True,320,1822,449,0,0,0,0,0,0,0,449,True,False,,"{""incident_id"": true, ""service"": true, ""symptom"": true, ""t_open"": true, ""blast_region"": true, ""blast_share"": false, ""rollback_deploy_id"": true, ""rollback_time"": true, ""suspected_cause"": true, ""status_page_time"": true, ""enterprise_email_required"": true, ""exception_company"": true, ""exception_notify"": false}",,False,experiments/results/E1/raw_outputs/NL-opt/EX/EX-02-05.json,0
2026-08-25T01:57:57,NL-opt,EX,EX-02,EX-02-06,,0.0,1,0,47346,0,0.8462,False,True,315,1776,449,0,0,0,0,0,0,0,449,True,False,,"{""incident_id"": true, ""service"": true, ""symptom"": true, ""t_open"": true, ""blast_region"": true, ""blast_share"": false, ""rollback_deploy_id"": true, ""rollback_time"": true, ""suspected_cause"": true, ""status_page_time"": true, ""enterprise_email_required"": true, ""exception_company"": true, ""exception_notify"": false}",,False,experiments/results/E1/raw_outputs/NL-opt/EX/EX-02-06.json,0
2026-08-25T01:58:21,NL-opt,EX,EX-02,EX-02-08,,0.0,1,0,23872,0,0.7692,False,True,322,790,449,0,0,0,0,0,0,0,449,True,False,,"{""incident_id"": true, ""service"": true, ""symptom"": false, ""t_open"": true, ""blast_region"": true, ""blast_share"": false, ""rollback_deploy_id"": true, ""rollback_time"": true, ""suspected_cause"": true, ""status_page_time"": true, ""enterprise_email_required"": true, ""exception_company"": true, ""exception_notify"": false}",,False,experiments/results/E1/raw_outputs/NL-opt/EX/EX-02-08.json,0
2026-08-25T01:58:34,NL-opt,EX,EX-02,EX-02-07,,0.0,1,0,34008,0,0.8462,False,True,317,1365,449,0,0,0,0,0,0,0,449,True,False,,"{""incident_id"": true, ""service"": true, ""symptom"": true, ""t_open"": true, ""blast_region"": true, ""blast_share"": false, ""rollback_deploy_id"": true, ""rollback_time"": true, ""suspected_cause"": true, ""status_page_time"": true, ""enterprise_email_required"": true, ""exception_company"": true, ""exception_notify"": false}",,False,experiments/results/E1/raw_outputs/NL-opt/EX/EX-02-07.json,0
2026-08-25T01:58:50,NL-opt,EX,EX-03,EX-03-00,,0.0,1,0,15357,0,0.6667,False,True,252,541,449,0,0,0,0,0,0,0,449,True,False,,"{""rent_due_day"": true, ""fee_amount_usd"": true, ""fee_trigger_days"": true, ""prohibition_paint"": false, ""prohibition_sublet"": false, ""pet_weight_limit_kg"": true, ""consent_escape"": false, ""notice_hours"": true, ""notice_exception"": true}",,False,experiments/results/E1/raw_outputs/NL-opt/EX/EX-03-00.json,0
2026-08-25T01:59:20,NL-opt,EX,EX-03,EX-03-01,,0.0,1,0,30676,0,0.6667,False,True,252,1072,449,0,0,0,0,0,0,0,449,True,False,,"{""rent_due_day"": true, ""fee_amount_usd"": true, ""fee_trigger_days"": true, ""prohibition_paint"": false, ""prohibition_sublet"": false, ""pet_weight_limit_kg"": true, ""consent_escape"": false, ""notice_hours"": true, ""notice_exception"": true}",,False,experiments/results/E1/raw_outputs/NL-opt/EX/EX-03-01.json,0
2026-08-25T01:59:35,NL-opt,EX,EX-03,EX-03-02,,0.0,1,0,14793,0,0.8889,False,True,252,522,449,0,0,0,0,0,0,0,449,True,False,,"{""rent_due_day"": true, ""fee_amount_usd"": true, ""fee_trigger_days"": true, ""prohibition_paint"": true, ""prohibition_sublet"": true, ""pet_weight_limit_kg"": true, ""consent_escape"": false, ""notice_hours"": true, ""notice_exception"": true}",,False,experiments/results/E1/raw_outputs/NL-opt/EX/EX-03-02.json,0
2026-08-25T01:59:47,NL-opt,EX,EX-03,EX-03-03,,0.0,1,0,11735,0,0.6667,False,True,252,430,449,0,0,0,0,0,0,0,449,True,False,,"{""rent_due_day"": true, ""fee_amount_usd"": true, ""fee_trigger_days"": true, ""prohibition_paint"": false, ""prohibition_sublet"": false, ""pet_weight_limit_kg"": true, ""consent_escape"": false, ""notice_hours"": true, ""notice_exception"": true}",,False,experiments/results/E1/raw_outputs/NL-opt/EX/EX-03-03.json,0
2026-08-25T02:00:12,NL-opt,EX,EX-03,EX-03-04,,0.0,1,0,24233,0,0.6667,False,True,252,828,449,0,0,0,0,0,0,0,449,True,False,,"{""rent_due_day"": true, ""fee_amount_usd"": true, ""fee_trigger_days"": true, ""prohibition_paint"": false, ""prohibition_sublet"": false, ""pet_weight_limit_kg"": true, ""consent_escape"": false, ""notice_hours"": true, ""notice_exception"": true}",,False,experiments/results/E1/raw_outputs/NL-opt/EX/EX-03-04.json,0
2026-08-25T02:00:21,NL-opt,EX,EX-02,EX-02-09,,0.0,1,0,56159,0,0.8462,False,True,317,2012,449,0,0,0,0,0,0,0,449,True,False,,"{""incident_id"": true, ""service"": true, ""symptom"": true, ""t_open"": true, ""blast_region"": true, ""blast_share"": false, ""rollback_deploy_id"": true, ""rollback_time"": true, ""suspected_cause"": true, ""status_page_time"": true, ""enterprise_email_required"": true, ""exception_company"": true, ""exception_notify"": false}",,False,experiments/results/E1/raw_outputs/NL-opt/EX/EX-02-09.json,0
2026-08-25T02:00:37,NL-opt,EX,EX-03,EX-03-05,,0.0,1,0,24715,0,0.8889,False,True,252,850,449,0,0,0,0,0,0,0,449,True,False,,"{""rent_due_day"": true, ""fee_amount_usd"": true, ""fee_trigger_days"": true, ""prohibition_paint"": true, ""prohibition_sublet"": true, ""pet_weight_limit_kg"": true, ""consent_escape"": false, ""notice_hours"": true, ""notice_exception"": true}",,False,experiments/results/E1/raw_outputs/NL-opt/EX/EX-03-05.json,0
2026-08-25T02:00:48,NL-opt,EX,EX-03,EX-03-06,,0.0,1,0,27287,0,0.8889,False,True,252,833,449,0,0,0,0,0,0,0,449,True,False,,"{""rent_due_day"": true, ""fee_amount_usd"": true, ""fee_trigger_days"": true, ""prohibition_paint"": true, ""prohibition_sublet"": true, ""pet_weight_limit_kg"": true, ""consent_escape"": false, ""notice_hours"": true, ""notice_exception"": true}",,False,experiments/results/E1/raw_outputs/NL-opt/EX/EX-03-06.json,0
2026-08-25T02:00:52,NL-opt,EX,EX-03,EX-03-07,,0.0,1,0,15211,0,0.8889,False,True,252,543,449,0,0,0,0,0,0,0,449,True,False,,"{""rent_due_day"": true, ""fee_amount_usd"": true, ""fee_trigger_days"": true, ""prohibition_paint"": true, ""prohibition_sublet"": true, ""pet_weight_limit_kg"": true, ""consent_escape"": false, ""notice_hours"": true, ""notice_exception"": true}",,False,experiments/results/E1/raw_outputs/NL-opt/EX/EX-03-07.json,0
2026-08-25T02:01:14,NL-opt,EX,EX-03,EX-03-09,,0.0,1,0,21737,0,0.6667,False,True,252,723,449,0,0,0,0,0,0,0,449,True,False,,"{""rent_due_day"": true, ""fee_amount_usd"": true, ""fee_trigger_days"": true, ""prohibition_paint"": false, ""prohibition_sublet"": false, ""pet_weight_limit_kg"": true, ""consent_escape"": false, ""notice_hours"": true, ""notice_exception"": true}",,False,experiments/results/E1/raw_outputs/NL-opt/EX/EX-03-09.json,0
2026-08-25T02:01:38,NL-opt,EX,EX-04,EX-04-00,,0.0,1,0,24260,0,0.9375,False,True,347,980,449,0,0,0,0,0,0,0,449,True,False,,"{""ship_date"": true, ""pickup_start"": true, ""pickup_end"": true, ""cargo1_name"": true, ""cargo1_qty"": true, ""cargo1_unit"": true, ""cargo1_weight_each_kg"": true, ""cargo2_name"": true, ""cargo2_qty"": true, ""cargo2_unit"": true, ""cargo2_weight_total_kg"": true, ""handling_exclusion"": false, ""docs_deadline_date"": true, ""roll_to_date"": true, ""docs_filed_date"": true, ""condition_triggered"": true}",,False,experiments/results/E1/raw_outputs/NL-opt/EX/EX-04-00.json,0
2026-08-25T02:03:45,NL-opt,EX,EX-04,EX-04-03,,0.0,1,0,25705,0,0.9375,False,True,348,1083,449,0,0,0,0,0,0,0,449,True,False,,"{""ship_date"": true, ""pickup_start"": true, ""pickup_end"": true, ""cargo1_name"": true, ""cargo1_qty"": true, ""cargo1_unit"": true, ""cargo1_weight_each_kg"": true, ""cargo2_name"": true, ""cargo2_qty"": true, ""cargo2_unit"": true, ""cargo2_weight_total_kg"": true, ""handling_exclusion"": false, ""docs_deadline_date"": true, ""roll_to_date"": true, ""docs_filed_date"": true, ""condition_triggered"": true}",,False,experiments/results/E1/raw_outputs/NL-opt/EX/EX-04-03.json,0
2026-08-25T02:03:54,NL-opt,EX,EX-03,EX-03-08,,0.0,1,0,14933,0,0.8889,False,True,252,528,449,0,0,0,0,0,0,0,449,True,False,,"{""rent_due_day"": true, ""fee_amount_usd"": true, ""fee_trigger_days"": true, ""prohibition_paint"": true, ""prohibition_sublet"": true, ""pet_weight_limit_kg"": true, ""consent_escape"": false, ""notice_hours"": true, ""notice_exception"": true}",,False,experiments/results/E1/raw_outputs/NL-opt/EX/EX-03-08.json,0
2026-08-25T02:03:56,NL-opt,EX,EX-04,EX-04-02,,0.0,1,0,35016,0,0.9375,False,True,348,1340,449,0,0,0,0,0,0,0,449,True,False,,"{""ship_date"": true, ""pickup_start"": true, ""pickup_end"": true, ""cargo1_name"": true, ""cargo1_qty"": true, ""cargo1_unit"": true, ""cargo1_weight_each_kg"": true, ""cargo2_name"": true, ""cargo2_qty"": true, ""cargo2_unit"": true, ""cargo2_weight_total_kg"": true, ""handling_exclusion"": false, ""docs_deadline_date"": true, ""roll_to_date"": true, ""docs_filed_date"": true, ""condition_triggered"": true}",,False,experiments/results/E1/raw_outputs/NL-opt/EX/EX-04-02.json,0
2026-08-25T02:04:06,NL-opt,EX,EX-04,EX-04-01,,0.0,1,0,43612,0,0.9375,False,True,349,1530,449,0,0,0,0,0,0,0,449,True,False,,"{""ship_date"": true, ""pickup_start"": true, ""pickup_end"": true, ""cargo1_name"": true, ""cargo1_qty"": true, ""cargo1_unit"": true, ""cargo1_weight_each_kg"": true, ""cargo2_name"": true, ""cargo2_qty"": true, ""cargo2_unit"": true, ""cargo2_weight_total_kg"": true, ""handling_exclusion"": false, ""docs_deadline_date"": true, ""roll_to_date"": true, ""docs_filed_date"": true, ""condition_triggered"": true}",,False,experiments/results/E1/raw_outputs/NL-opt/EX/EX-04-01.json,0
2026-08-25T02:04:12,NL-opt,EX,EX-04,EX-04-04,,0.0,1,0,27128,0,0.9375,False,True,349,1126,449,0,0,0,0,0,0,0,449,True,False,,"{""ship_date"": true, ""pickup_start"": true, ""pickup_end"": true, ""cargo1_name"": true, ""cargo1_qty"": true, ""cargo1_unit"": true, ""cargo1_weight_each_kg"": true, ""cargo2_name"": true, ""cargo2_qty"": true, ""cargo2_unit"": true, ""cargo2_weight_total_kg"": true, ""handling_exclusion"": false, ""docs_deadline_date"": true, ""roll_to_date"": true, ""docs_filed_date"": true, ""condition_triggered"": true}",,False,experiments/results/E1/raw_outputs/NL-opt/EX/EX-04-04.json,0
2026-08-25T02:04:35,NL-opt,EX,EX-04,EX-04-08,,0.0,1,0,22279,0,0.9375,False,True,347,1003,449,0,0,0,0,0,0,0,449,True,False,,"{""ship_date"": true, ""pickup_start"": true, ""pickup_end"": true, ""cargo1_name"": true, ""cargo1_qty"": true, ""cargo1_unit"": true, ""cargo1_weight_each_kg"": true, ""cargo2_name"": true, ""cargo2_qty"": true, ""cargo2_unit"": true, ""cargo2_weight_total_kg"": true, ""handling_exclusion"": false, ""docs_deadline_date"": true, ""roll_to_date"": true, ""docs_filed_date"": true, ""condition_triggered"": true}",,False,experiments/results/E1/raw_outputs/NL-opt/EX/EX-04-08.json,0
2026-08-25T02:04:37,NL-opt,EX,EX-04,EX-04-06,,0.0,1,0,41591,0,0.9375,False,True,348,1478,449,0,0,0,0,0,0,0,449,True,False,,"{""ship_date"": true, ""pickup_start"": true, ""pickup_end"": true, ""cargo1_name"": true, ""cargo1_qty"": true, ""cargo1_unit"": true, ""cargo1_weight_each_kg"": true, ""cargo2_name"": true, ""cargo2_qty"": true, ""cargo2_unit"": true, ""cargo2_weight_total_kg"": true, ""handling_exclusion"": false, ""docs_deadline_date"": true, ""roll_to_date"": true, ""docs_filed_date"": true, ""condition_triggered"": true}",,False,experiments/results/E1/raw_outputs/NL-opt/EX/EX-04-06.json,0
2026-08-25T02:04:43,NL-opt,EX,EX-04,EX-04-07,,0.0,1,0,36871,0,0.9375,False,True,348,1105,449,0,0,0,0,0,0,0,449,True,False,,"{""ship_date"": true, ""pickup_start"": true, ""pickup_end"": true, ""cargo1_name"": true, ""cargo1_qty"": true, ""cargo1_unit"": true, ""cargo1_weight_each_kg"": true, ""cargo2_name"": true, ""cargo2_qty"": true, ""cargo2_unit"": true, ""cargo2_weight_total_kg"": true, ""handling_exclusion"": false, ""docs_deadline_date"": true, ""roll_to_date"": true, ""docs_filed_date"": true, ""condition_triggered"": true}",,False,experiments/results/E1/raw_outputs/NL-opt/EX/EX-04-07.json,0
2026-08-25T02:04:53,NL-opt,EX,EX-04,EX-04-05,,0.0,1,0,38074,0,0.9375,False,True,348,1479,449,0,0,0,0,0,0,0,449,True,False,,"{""ship_date"": true, ""pickup_start"": true, ""pickup_end"": true, ""cargo1_name"": true, ""cargo1_qty"": true, ""cargo1_unit"": true, ""cargo1_weight_each_kg"": true, ""cargo2_name"": true, ""cargo2_qty"": true, ""cargo2_unit"": true, ""cargo2_weight_total_kg"": true, ""handling_exclusion"": false, ""docs_deadline_date"": true, ""roll_to_date"": true, ""docs_filed_date"": true, ""condition_triggered"": true}",,False,experiments/results/E1/raw_outputs/NL-opt/EX/EX-04-05.json,0
2026-08-25T02:05:01,NL-opt,EX,EX-05,EX-05-00,,0.0,1,0,23207,0,0.8,False,True,251,905,449,0,0,0,0,0,0,0,449,True,False,,"{""category"": false, ""version"": true, ""symptom_condition"": true, ""tier"": true, ""seats"": true, ""deadline_day"": true, ""deadline_month"": false, ""mitigations_tried"": true, ""priority"": true, ""exec_visible"": true}",,False,experiments/results/E1/raw_outputs/NL-opt/EX/EX-05-00.json,0
2026-08-25T02:05:07,NL-opt,EX,EX-04,EX-04-09,,0.0,1,0,32018,0,0.9375,False,True,348,1345,449,0,0,0,0,0,0,0,449,True,False,,"{""ship_date"": true, ""pickup_start"": true, ""pickup_end"": true, ""cargo1_name"": true, ""cargo1_qty"": true, ""cargo1_unit"": true, ""cargo1_weight_each_kg"": true, ""cargo2_name"": true, ""cargo2_qty"": true, ""cargo2_unit"": true, ""cargo2_weight_total_kg"": true, ""handling_exclusion"": false, ""docs_deadline_date"": true, ""roll_to_date"": true, ""docs_filed_date"": true, ""condition_triggered"": true}",,False,experiments/results/E1/raw_outputs/NL-opt/EX/EX-04-09.json,0
2026-08-25T02:05:23,NL-opt,EX,EX-05,EX-05-01,,0.0,1,0,39805,0,0.9,False,True,250,1352,449,0,0,0,0,0,0,0,449,True,False,,"{""category"": false, ""version"": true, ""symptom_condition"": true, ""tier"": true, ""seats"": true, ""deadline_day"": true, ""deadline_month"": true, ""mitigations_tried"": true, ""priority"": true, ""exec_visible"": true}",,False,experiments/results/E1/raw_outputs/NL-opt/EX/EX-05-01.json,0
2026-08-25T02:05:52,NL-opt,EX,EX-05,EX-05-05,,0.0,1,0,27788,0,0.8,False,True,251,941,449,0,0,0,0,0,0,0,449,True,False,,"{""category"": false, ""version"": true, ""symptom_condition"": true, ""tier"": true, ""seats"": true, ""deadline_day"": true, ""deadline_month"": false, ""mitigations_tried"": true, ""priority"": true, ""exec_visible"": true}",,False,experiments/results/E1/raw_outputs/NL-opt/EX/EX-05-05.json,0
2026-08-25T02:05:55,NL-opt,EX,EX-05,EX-05-02,,0.0,1,0,61655,0,0.1,False,True,248,2048,449,0,0,0,0,0,0,0,449,True,False,,"{""category"": false, ""version"": false, ""symptom_condition"": false, ""tier"": false, ""seats"": false, ""deadline_day"": false, ""deadline_month"": true, ""mitigations_tried"": false, ""priority"": false, ""exec_visible"": false}",,False,experiments/results/E1/raw_outputs/NL-opt/EX/EX-05-02.json,0
2026-08-25T02:06:00,NL-opt,EX,EX-05,EX-05-03,,0.0,1,0,38102,0,0.7,False,True,243,1218,449,0,0,0,0,0,0,0,449,True,False,,"{""category"": false, ""version"": true, ""symptom_condition"": true, ""tier"": true, ""seats"": true, ""deadline_day"": true, ""deadline_month"": false, ""mitigations_tried"": false, ""priority"": true, ""exec_visible"": true}",,False,experiments/results/E1/raw_outputs/NL-opt/EX/EX-05-03.json,0
2026-08-25T02:06:05,NL-opt,EX,EX-05,EX-05-04,,0.0,1,0,58441,0,0.1,False,True,251,2048,449,0,0,0,0,0,0,0,449,True,False,,"{""category"": false, ""version"": false, ""symptom_condition"": false, ""tier"": false, ""seats"": false, ""deadline_day"": false, ""deadline_month"": true, ""mitigations_tried"": false, ""priority"": false, ""exec_visible"": false}",,False,experiments/results/E1/raw_outputs/NL-opt/EX/EX-05-04.json,0
2026-08-25T02:06:52,NL-opt,EX,EX-05,EX-05-09,,0.0,1,0,46531,0,0.9,False,True,251,1600,449,0,0,0,0,0,0,0,449,True,False,,"{""category"": false, ""version"": true, ""symptom_condition"": true, ""tier"": true, ""seats"": true, ""deadline_day"": true, ""deadline_month"": true, ""mitigations_tried"": true, ""priority"": true, ""exec_visible"": true}",,False,experiments/results/E1/raw_outputs/NL-opt/EX/EX-05-09.json,0
2026-08-25T02:07:00,NL-opt,EX,EX-05,EX-05-07,,0.0,1,0,43205,0,0.8,False,True,250,1415,449,0,0,0,0,0,0,0,449,True,False,,"{""category"": false, ""version"": true, ""symptom_condition"": true, ""tier"": true, ""seats"": true, ""deadline_day"": true, ""deadline_month"": false, ""mitigations_tried"": true, ""priority"": true, ""exec_visible"": true}",,False,experiments/results/E1/raw_outputs/NL-opt/EX/EX-05-07.json,0
2026-08-25T02:07:12,NL-opt,EX,EX-05,EX-05-08,,0.0,1,0,50099,0,0.9,False,True,248,1746,449,0,0,0,0,0,0,0,449,True,False,,"{""category"": false, ""version"": true, ""symptom_condition"": true, ""tier"": true, ""seats"": true, ""deadline_day"": true, ""deadline_month"": true, ""mitigations_tried"": true, ""priority"": true, ""exec_visible"": true}",,False,experiments/results/E1/raw_outputs/NL-opt/EX/EX-05-08.json,0
2026-08-25T02:07:17,JSON,EX,EX-01,EX-01-00,,0.0,1,0,25234,0,0.7857,False,True,264,917,389,0,0,0,0,0,0,0,389,True,False,,"{""a1_owner"": true, ""a1_action"": true, ""a1_deadline"": true, ""a1_priority"": true, ""a2_owner"": true, ""a2_action"": true, ""a2_constraint"": false, ""a3_owner"": true, ""a3_action"": true, ""a3_deadline"": false, ""a3_priority"": true, ""guard_target"": true, ""guard_condition"": true, ""guard_type"": false}",,False,experiments/results/E1/raw_outputs/JSON/EX/EX-01-00.json,0
2026-08-25T02:07:29,JSON,EX,EX-01,EX-01-01,,0.0,1,0,29040,0,0.7143,False,True,263,1060,389,0,0,0,0,0,0,0,389,True,False,,"{""a1_owner"": true, ""a1_action"": true, ""a1_deadline"": true, ""a1_priority"": true, ""a2_owner"": true, ""a2_action"": true, ""a2_constraint"": false, ""a3_owner"": true, ""a3_action"": false, ""a3_deadline"": false, ""a3_priority"": true, ""guard_target"": true, ""guard_condition"": true, ""guard_type"": false}",,False,experiments/results/E1/raw_outputs/JSON/EX/EX-01-01.json,0
2026-08-25T02:07:32,NL-opt,EX,EX-05,EX-05-06,,0.0,1,0,57737,0,0.9,False,True,251,1894,449,0,0,0,0,0,0,0,449,True,False,,"{""category"": false, ""version"": true, ""symptom_condition"": true, ""tier"": true, ""seats"": true, ""deadline_day"": true, ""deadline_month"": true, ""mitigations_tried"": true, ""priority"": true, ""exec_visible"": true}",,False,experiments/results/E1/raw_outputs/NL-opt/EX/EX-05-06.json,0
2026-08-25T02:07:33,JSON,EX,EX-01,EX-01-02,,0.0,1,0,21222,0,0.7857,False,True,263,839,389,0,0,0,0,0,0,0,389,True,False,,"{""a1_owner"": true, ""a1_action"": true, ""a1_deadline"": true, ""a1_priority"": true, ""a2_owner"": true, ""a2_action"": true, ""a2_constraint"": false, ""a3_owner"": true, ""a3_action"": true, ""a3_deadline"": false, ""a3_priority"": true, ""guard_target"": true, ""guard_condition"": true, ""guard_type"": false}",,False,experiments/results/E1/raw_outputs/JSON/EX/EX-01-02.json,0
2026-08-25T02:07:38,JSON,EX,EX-01,EX-01-03,,0.0,1,0,20624,0,0.7143,False,True,262,752,389,0,0,0,0,0,0,0,389,True,False,,"{""a1_owner"": true, ""a1_action"": true, ""a1_deadline"": true, ""a1_priority"": true, ""a2_owner"": true, ""a2_action"": true, ""a2_constraint"": false, ""a3_owner"": true, ""a3_action"": true, ""a3_deadline"": false, ""a3_priority"": true, ""guard_target"": true, ""guard_condition"": false, ""guard_type"": false}",,False,experiments/results/E1/raw_outputs/JSON/EX/EX-01-03.json,0
2026-08-25T02:07:54,JSON,EX,EX-01,EX-01-04,,0.0,1,0,24574,0,0.7857,False,True,262,897,389,0,0,0,0,0,0,0,389,True,False,,"{""a1_owner"": true, ""a1_action"": true, ""a1_deadline"": true, ""a1_priority"": true, ""a2_owner"": true, ""a2_action"": true, ""a2_constraint"": false, ""a3_owner"": true, ""a3_action"": true, ""a3_deadline"": false, ""a3_priority"": true, ""guard_target"": true, ""guard_condition"": true, ""guard_type"": false}",,False,experiments/results/E1/raw_outputs/JSON/EX/EX-01-04.json,0
2026-08-25T02:07:54,JSON,EX,EX-01,EX-01-06,,0.0,1,0,19959,0,0.7857,False,True,261,755,389,0,0,0,0,0,0,0,389,True,False,,"{""a1_owner"": true, ""a1_action"": true, ""a1_deadline"": true, ""a1_priority"": true, ""a2_owner"": true, ""a2_action"": true, ""a2_constraint"": false, ""a3_owner"": true, ""a3_action"": true, ""a3_deadline"": false, ""a3_priority"": true, ""guard_target"": true, ""guard_condition"": true, ""guard_type"": false}",,False,experiments/results/E1/raw_outputs/JSON/EX/EX-01-06.json,0
2026-08-25T02:08:03,JSON,EX,EX-01,EX-01-07,,0.0,1,0,24429,0,0.7857,False,True,265,899,389,0,0,0,0,0,0,0,389,True,False,,"{""a1_owner"": true, ""a1_action"": true, ""a1_deadline"": true, ""a1_priority"": true, ""a2_owner"": true, ""a2_action"": true, ""a2_constraint"": false, ""a3_owner"": true, ""a3_action"": true, ""a3_deadline"": false, ""a3_priority"": true, ""guard_target"": true, ""guard_condition"": true, ""guard_type"": false}",,False,experiments/results/E1/raw_outputs/JSON/EX/EX-01-07.json,0
2026-08-25T02:08:19,JSON,EX,EX-02,EX-02-00,,0.0,1,0,15634,0,0.6154,False,True,316,573,389,0,0,0,0,0,0,0,389,True,False,,"{""incident_id"": true, ""service"": true, ""symptom"": true, ""t_open"": false, ""blast_region"": true, ""blast_share"": false, ""rollback_deploy_id"": true, ""rollback_time"": false, ""suspected_cause"": true, ""status_page_time"": false, ""enterprise_email_required"": true, ""exception_company"": true, ""exception_notify"": false}",,False,experiments/results/E1/raw_outputs/JSON/EX/EX-02-00.json,0
2026-08-25T02:08:30,JSON,EX,EX-02,EX-02-01,,0.0,1,0,10534,0,0.6154,False,True,306,405,389,0,0,0,0,0,0,0,389,True,False,,"{""incident_id"": true, ""service"": true, ""symptom"": true, ""t_open"": false, ""blast_region"": true, ""blast_share"": false, ""rollback_deploy_id"": true, ""rollback_time"": false, ""suspected_cause"": true, ""status_page_time"": false, ""enterprise_email_required"": true, ""exception_company"": true, ""exception_notify"": false}",,False,experiments/results/E1/raw_outputs/JSON/EX/EX-02-01.json,0
2026-08-25T02:08:36,JSON,EX,EX-01,EX-01-05,,0.0,1,0,42355,0,0.8571,False,True,266,1515,389,0,0,0,0,0,0,0,389,True,False,,"{""a1_owner"": true, ""a1_action"": true, ""a1_deadline"": true, ""a1_priority"": true, ""a2_owner"": true, ""a2_action"": true, ""a2_constraint"": false, ""a3_owner"": true, ""a3_action"": true, ""a3_deadline"": true, ""a3_priority"": true, ""guard_target"": true, ""guard_condition"": true, ""guard_type"": false}",,False,experiments/results/E1/raw_outputs/JSON/EX/EX-01-05.json,0
2026-08-25T02:08:45,JSON,EX,EX-01,EX-01-08,,0.0,1,0,50098,0,0.8571,False,True,264,1210,389,0,0,0,0,0,0,0,389,True,False,,"{""a1_owner"": true, ""a1_action"": true, ""a1_deadline"": true, ""a1_priority"": true, ""a2_owner"": true, ""a2_action"": true, ""a2_constraint"": false, ""a3_owner"": true, ""a3_action"": true, ""a3_deadline"": true, ""a3_priority"": true, ""guard_target"": true, ""guard_condition"": true, ""guard_type"": false}",,False,experiments/results/E1/raw_outputs/JSON/EX/EX-01-08.json,0
2026-08-25T02:09:03,JSON,EX,EX-01,EX-01-09,,0.0,1,0,23554,0,0.7857,False,True,264,865,389,0,0,0,0,0,0,0,389,True,False,,"{""a1_owner"": true, ""a1_action"": true, ""a1_deadline"": true, ""a1_priority"": true, ""a2_owner"": true, ""a2_action"": true, ""a2_constraint"": false, ""a3_owner"": true, ""a3_action"": true, ""a3_deadline"": false, ""a3_priority"": true, ""guard_target"": true, ""guard_condition"": true, ""guard_type"": false}",,False,experiments/results/E1/raw_outputs/JSON/EX/EX-01-09.json,0
2026-08-25T02:09:08,JSON,EX,EX-02,EX-02-02,,0.0,1,0,16675,0,0.6154,False,True,309,619,389,0,0,0,0,0,0,0,389,True,False,,"{""incident_id"": true, ""service"": true, ""symptom"": true, ""t_open"": false, ""blast_region"": true, ""blast_share"": false, ""rollback_deploy_id"": true, ""rollback_time"": false, ""suspected_cause"": true, ""status_page_time"": false, ""enterprise_email_required"": true, ""exception_company"": true, ""exception_notify"": false}",,False,experiments/results/E1/raw_outputs/JSON/EX/EX-02-02.json,0
2026-08-25T02:09:21,JSON,EX,EX-02,EX-02-06,,0.0,1,0,12870,0,0.6154,False,True,308,493,389,0,0,0,0,0,0,0,389,True,False,,"{""incident_id"": true, ""service"": true, ""symptom"": true, ""t_open"": false, ""blast_region"": true, ""blast_share"": false, ""rollback_deploy_id"": true, ""rollback_time"": false, ""suspected_cause"": true, ""status_page_time"": false, ""enterprise_email_required"": true, ""exception_company"": true, ""exception_notify"": false}",,False,experiments/results/E1/raw_outputs/JSON/EX/EX-02-06.json,0
2026-08-25T02:09:21,JSON,EX,EX-02,EX-02-04,,0.0,1,0,14549,0,0.6154,False,True,311,514,389,0,0,0,0,0,0,0,389,True,False,,"{""incident_id"": true, ""service"": true, ""symptom"": true, ""t_open"": false, ""blast_region"": true, ""blast_share"": false, ""rollback_deploy_id"": true, ""rollback_time"": false, ""suspected_cause"": true, ""status_page_time"": false, ""enterprise_email_required"": true, ""exception_company"": true, ""exception_notify"": false}",,False,experiments/results/E1/raw_outputs/JSON/EX/EX-02-04.json,0
2026-08-25T02:09:35,JSON,EX,EX-02,EX-02-03,,0.0,1,0,15981,0,0.6154,False,True,309,546,389,0,0,0,0,0,0,0,389,True,False,,"{""incident_id"": true, ""service"": true, ""symptom"": true, ""t_open"": false, ""blast_region"": true, ""blast_share"": false, ""rollback_deploy_id"": true, ""rollback_time"": false, ""suspected_cause"": true, ""status_page_time"": false, ""enterprise_email_required"": true, ""exception_company"": true, ""exception_notify"": false}",,False,experiments/results/E1/raw_outputs/JSON/EX/EX-02-03.json,0
2026-08-25T02:09:39,JSON,EX,EX-02,EX-02-08,,0.0,1,0,16211,0,0.6154,False,True,315,577,389,0,0,0,0,0,0,0,389,True,False,,"{""incident_id"": true, ""service"": true, ""symptom"": true, ""t_open"": false, ""blast_region"": true, ""blast_share"": false, ""rollback_deploy_id"": true, ""rollback_time"": false, ""suspected_cause"": true, ""status_page_time"": false, ""enterprise_email_required"": true, ""exception_company"": true, ""exception_notify"": false}",,False,experiments/results/E1/raw_outputs/JSON/EX/EX-02-08.json,0
2026-08-25T02:09:40,JSON,EX,EX-02,EX-02-05,,0.0,1,0,15434,0,0.6154,False,True,313,508,389,0,0,0,0,0,0,0,389,True,False,,"{""incident_id"": true, ""service"": true, ""symptom"": true, ""t_open"": false, ""blast_region"": true, ""blast_share"": false, ""rollback_deploy_id"": true, ""rollback_time"": false, ""suspected_cause"": true, ""status_page_time"": false, ""enterprise_email_required"": true, ""exception_company"": true, ""exception_notify"": false}",,False,experiments/results/E1/raw_outputs/JSON/EX/EX-02-05.json,0
2026-08-25T02:09:49,JSON,EX,EX-02,EX-02-09,,0.0,1,0,14199,0,0.6154,False,True,310,498,389,0,0,0,0,0,0,0,389,True,False,,"{""incident_id"": true, ""service"": true, ""symptom"": true, ""t_open"": false, ""blast_region"": true, ""blast_share"": false, ""rollback_deploy_id"": true, ""rollback_time"": false, ""suspected_cause"": true, ""status_page_time"": false, ""enterprise_email_required"": true, ""exception_company"": true, ""exception_notify"": false}",,False,experiments/results/E1/raw_outputs/JSON/EX/EX-02-09.json,0
2026-08-25T02:09:49,JSON,EX,EX-02,EX-02-07,,0.0,1,0,28083,0,0.6154,False,True,310,910,389,0,0,0,0,0,0,0,389,True,False,,"{""incident_id"": true, ""service"": true, ""symptom"": true, ""t_open"": false, ""blast_region"": true, ""blast_share"": false, ""rollback_deploy_id"": true, ""rollback_time"": false, ""suspected_cause"": true, ""status_page_time"": false, ""enterprise_email_required"": true, ""exception_company"": true, ""exception_notify"": false}",,False,experiments/results/E1/raw_outputs/JSON/EX/EX-02-07.json,0
2026-08-25T02:09:52,JSON,EX,EX-03,EX-03-00,,0.0,1,0,12778,0,0.8889,False,True,245,462,389,0,0,0,0,0,0,0,389,True,False,,"{""rent_due_day"": true, ""fee_amount_usd"": true, ""fee_trigger_days"": true, ""prohibition_paint"": true, ""prohibition_sublet"": true, ""pet_weight_limit_kg"": true, ""consent_escape"": false, ""notice_hours"": true, ""notice_exception"": true}",,False,experiments/results/E1/raw_outputs/JSON/EX/EX-03-00.json,0
2026-08-25T02:10:05,JSON,EX,EX-03,EX-03-03,,0.0,1,0,14100,0,0.8889,False,True,245,389,389,0,0,0,0,0,0,0,389,True,False,,"{""rent_due_day"": true, ""fee_amount_usd"": true, ""fee_trigger_days"": true, ""prohibition_paint"": true, ""prohibition_sublet"": true, ""pet_weight_limit_kg"": true, ""consent_escape"": false, ""notice_hours"": true, ""notice_exception"": true}",,False,experiments/results/E1/raw_outputs/JSON/EX/EX-03-03.json,0
2026-08-25T02:10:06,JSON,EX,EX-03,EX-03-02,,0.0,1,0,16576,0,0.8889,False,True,245,577,389,0,0,0,0,0,0,0,389,True,False,,"{""rent_due_day"": true, ""fee_amount_usd"": true, ""fee_trigger_days"": true, ""prohibition_paint"": true, ""prohibition_sublet"": true, ""pet_weight_limit_kg"": true, ""consent_escape"": false, ""notice_hours"": true, ""notice_exception"": true}",,False,experiments/results/E1/raw_outputs/JSON/EX/EX-03-02.json,0
2026-08-25T02:10:09,JSON,EX,EX-03,EX-03-04,,0.0,1,0,16264,0,0.8889,False,True,245,491,389,0,0,0,0,0,0,0,389,True,False,,"{""rent_due_day"": true, ""fee_amount_usd"": true, ""fee_trigger_days"": true, ""prohibition_paint"": true, ""prohibition_sublet"": true, ""pet_weight_limit_kg"": true, ""consent_escape"": false, ""notice_hours"": true, ""notice_exception"": true}",,False,experiments/results/E1/raw_outputs/JSON/EX/EX-03-04.json,0
2026-08-25T02:10:21,JSON,EX,EX-03,EX-03-07,,0.0,1,0,11828,0,0.8889,False,True,245,458,389,0,0,0,0,0,0,0,389,True,False,,"{""rent_due_day"": true, ""fee_amount_usd"": true, ""fee_trigger_days"": true, ""prohibition_paint"": true, ""prohibition_sublet"": true, ""pet_weight_limit_kg"": true, ""consent_escape"": false, ""notice_hours"": true, ""notice_exception"": true}",,False,experiments/results/E1/raw_outputs/JSON/EX/EX-03-07.json,0
2026-08-25T02:10:33,JSON,EX,EX-03,EX-03-08,,0.0,1,0,11737,0,0.8889,False,True,245,443,389,0,0,0,0,0,0,0,389,True,False,,"{""rent_due_day"": true, ""fee_amount_usd"": true, ""fee_trigger_days"": true, ""prohibition_paint"": true, ""prohibition_sublet"": true, ""pet_weight_limit_kg"": true, ""consent_escape"": false, ""notice_hours"": true, ""notice_exception"": true}",,False,experiments/results/E1/raw_outputs/JSON/EX/EX-03-08.json,0
2026-08-25T02:10:36,JSON,EX,EX-03,EX-03-01,,0.0,1,0,12227,0,0.8889,False,True,245,479,389,0,0,0,0,0,0,0,389,True,False,,"{""rent_due_day"": true, ""fee_amount_usd"": true, ""fee_trigger_days"": true, ""prohibition_paint"": true, ""prohibition_sublet"": true, ""pet_weight_limit_kg"": true, ""consent_escape"": false, ""notice_hours"": true, ""notice_exception"": true}",,False,experiments/results/E1/raw_outputs/JSON/EX/EX-03-01.json,0
2026-08-25T02:10:40,JSON,EX,EX-03,EX-03-05,,0.0,1,0,13653,0,0.8889,False,True,245,554,389,0,0,0,0,0,0,0,389,True,False,,"{""rent_due_day"": true, ""fee_amount_usd"": true, ""fee_trigger_days"": true, ""prohibition_paint"": true, ""prohibition_sublet"": true, ""pet_weight_limit_kg"": true, ""consent_escape"": false, ""notice_hours"": true, ""notice_exception"": true}",,False,experiments/results/E1/raw_outputs/JSON/EX/EX-03-05.json,0
2026-08-25T02:10:50,JSON,EX,EX-03,EX-03-09,,0.0,1,0,16730,0,0.8889,False,True,245,617,389,0,0,0,0,0,0,0,389,True,False,,"{""rent_due_day"": true, ""fee_amount_usd"": true, ""fee_trigger_days"": true, ""prohibition_paint"": true, ""prohibition_sublet"": true, ""pet_weight_limit_kg"": true, ""consent_escape"": false, ""notice_hours"": true, ""notice_exception"": true}",,False,experiments/results/E1/raw_outputs/JSON/EX/EX-03-09.json,0
2026-08-25T02:10:59,JSON,EX,EX-04,EX-04-00,,0.0,1,0,23509,0,0.9375,False,True,340,971,389,0,0,0,0,0,0,0,389,True,False,,"{""ship_date"": true, ""pickup_start"": true, ""pickup_end"": true, ""cargo1_name"": true, ""cargo1_qty"": true, ""cargo1_unit"": true, ""cargo1_weight_each_kg"": true, ""cargo2_name"": true, ""cargo2_qty"": true, ""cargo2_unit"": true, ""cargo2_weight_total_kg"": true, ""handling_exclusion"": false, ""docs_deadline_date"": true, ""roll_to_date"": true, ""docs_filed_date"": true, ""condition_triggered"": true}",,False,experiments/results/E1/raw_outputs/JSON/EX/EX-04-00.json,0
2026-08-25T02:11:01,JSON,EX,EX-03,EX-03-06,,0.0,1,0,11554,0,0.8889,False,True,245,436,389,0,0,0,0,0,0,0,389,True,False,,"{""rent_due_day"": true, ""fee_amount_usd"": true, ""fee_trigger_days"": true, ""prohibition_paint"": true, ""prohibition_sublet"": true, ""pet_weight_limit_kg"": true, ""consent_escape"": false, ""notice_hours"": true, ""notice_exception"": true}",,False,experiments/results/E1/raw_outputs/JSON/EX/EX-03-06.json,0
2026-08-25T02:11:07,JSON,EX,EX-04,EX-04-01,,0.0,1,0,25937,0,0.9375,False,True,342,1173,389,0,0,0,0,0,0,0,389,True,False,,"{""ship_date"": true, ""pickup_start"": true, ""pickup_end"": true, ""cargo1_name"": true, ""cargo1_qty"": true, ""cargo1_unit"": true, ""cargo1_weight_each_kg"": true, ""cargo2_name"": true, ""cargo2_qty"": true, ""cargo2_unit"": true, ""cargo2_weight_total_kg"": true, ""handling_exclusion"": false, ""docs_deadline_date"": true, ""roll_to_date"": true, ""docs_filed_date"": true, ""condition_triggered"": true}",,False,experiments/results/E1/raw_outputs/JSON/EX/EX-04-01.json,0
2026-08-25T02:11:19,JSON,EX,EX-04,EX-04-03,,0.0,1,0,19865,0,0.9375,False,True,341,908,389,0,0,0,0,0,0,0,389,True,False,,"{""ship_date"": true, ""pickup_start"": true, ""pickup_end"": true, ""cargo1_name"": true, ""cargo1_qty"": true, ""cargo1_unit"": true, ""cargo1_weight_each_kg"": true, ""cargo2_name"": true, ""cargo2_qty"": true, ""cargo2_unit"": true, ""cargo2_weight_total_kg"": true, ""handling_exclusion"": false, ""docs_deadline_date"": true, ""roll_to_date"": true, ""docs_filed_date"": true, ""condition_triggered"": true}",,False,experiments/results/E1/raw_outputs/JSON/EX/EX-04-03.json,0
2026-08-25T02:11:28,JSON,EX,EX-04,EX-04-05,,0.0,1,0,21456,0,0.9375,False,True,341,974,389,0,0,0,0,0,0,0,389,True,False,,"{""ship_date"": true, ""pickup_start"": true, ""pickup_end"": true, ""cargo1_name"": true, ""cargo1_qty"": true, ""cargo1_unit"": true, ""cargo1_weight_each_kg"": true, ""cargo2_name"": true, ""cargo2_qty"": true, ""cargo2_unit"": true, ""cargo2_weight_total_kg"": true, ""handling_exclusion"": false, ""docs_deadline_date"": true, ""roll_to_date"": true, ""docs_filed_date"": true, ""condition_triggered"": true}",,False,experiments/results/E1/raw_outputs/JSON/EX/EX-04-05.json,0
2026-08-25T02:11:47,JSON,EX,EX-04,EX-04-07,,0.0,1,0,18928,0,0.9375,False,True,341,889,389,0,0,0,0,0,0,0,389,True,False,,"{""ship_date"": true, ""pickup_start"": true, ""pickup_end"": true, ""cargo1_name"": true, ""cargo1_qty"": true, ""cargo1_unit"": true, ""cargo1_weight_each_kg"": true, ""cargo2_name"": true, ""cargo2_qty"": true, ""cargo2_unit"": true, ""cargo2_weight_total_kg"": true, ""handling_exclusion"": false, ""docs_deadline_date"": true, ""roll_to_date"": true, ""docs_filed_date"": true, ""condition_triggered"": true}",,False,experiments/results/E1/raw_outputs/JSON/EX/EX-04-07.json,0
2026-08-25T02:12:04,JSON,EX,EX-04,EX-04-04,,0.0,1,0,20211,0,0.9375,False,True,342,915,389,0,0,0,0,0,0,0,389,True,False,,"{""ship_date"": true, ""pickup_start"": true, ""pickup_end"": true, ""cargo1_name"": true, ""cargo1_qty"": true, ""cargo1_unit"": true, ""cargo1_weight_each_kg"": true, ""cargo2_name"": true, ""cargo2_qty"": true, ""cargo2_unit"": true, ""cargo2_weight_total_kg"": true, ""handling_exclusion"": false, ""docs_deadline_date"": true, ""roll_to_date"": true, ""docs_filed_date"": true, ""condition_triggered"": true}",,False,experiments/results/E1/raw_outputs/JSON/EX/EX-04-04.json,0
2026-08-25T02:12:08,JSON,EX,EX-04,EX-04-08,,0.0,1,0,21167,0,0.9375,False,True,340,878,389,0,0,0,0,0,0,0,389,True,False,,"{""ship_date"": true, ""pickup_start"": true, ""pickup_end"": true, ""cargo1_name"": true, ""cargo1_qty"": true, ""cargo1_unit"": true, ""cargo1_weight_each_kg"": true, ""cargo2_name"": true, ""cargo2_qty"": true, ""cargo2_unit"": true, ""cargo2_weight_total_kg"": true, ""handling_exclusion"": false, ""docs_deadline_date"": true, ""roll_to_date"": true, ""docs_filed_date"": true, ""condition_triggered"": true}",,False,experiments/results/E1/raw_outputs/JSON/EX/EX-04-08.json,0
2026-08-25T02:12:21,JSON,EX,EX-04,EX-04-02,,0.0,1,0,25617,0,0.9375,False,True,341,910,389,0,0,0,0,0,0,0,389,True,False,,"{""ship_date"": true, ""pickup_start"": true, ""pickup_end"": true, ""cargo1_name"": true, ""cargo1_qty"": true, ""cargo1_unit"": true, ""cargo1_weight_each_kg"": true, ""cargo2_name"": true, ""cargo2_qty"": true, ""cargo2_unit"": true, ""cargo2_weight_total_kg"": true, ""handling_exclusion"": false, ""docs_deadline_date"": true, ""roll_to_date"": true, ""docs_filed_date"": true, ""condition_triggered"": true}",,False,experiments/results/E1/raw_outputs/JSON/EX/EX-04-02.json,0
2026-08-25T02:12:24,JSON,EX,EX-04,EX-04-09,,0.0,1,0,19445,0,0.9375,False,True,341,892,389,0,0,0,0,0,0,0,389,True,False,,"{""ship_date"": true, ""pickup_start"": true, ""pickup_end"": true, ""cargo1_name"": true, ""cargo1_qty"": true, ""cargo1_unit"": true, ""cargo1_weight_each_kg"": true, ""cargo2_name"": true, ""cargo2_qty"": true, ""cargo2_unit"": true, ""cargo2_weight_total_kg"": true, ""handling_exclusion"": false, ""docs_deadline_date"": true, ""roll_to_date"": true, ""docs_filed_date"": true, ""condition_triggered"": true}",,False,experiments/results/E1/raw_outputs/JSON/EX/EX-04-09.json,0
2026-08-25T02:12:37,JSON,EX,EX-05,EX-05-00,,0.0,1,0,28508,0,0.9,False,True,244,980,389,0,0,0,0,0,0,0,389,True,False,,"{""category"": true, ""version"": true, ""symptom_condition"": true, ""tier"": true, ""seats"": true, ""deadline_day"": true, ""deadline_month"": false, ""mitigations_tried"": true, ""priority"": true, ""exec_visible"": true}",,False,experiments/results/E1/raw_outputs/JSON/EX/EX-05-00.json,0
2026-08-25T02:13:08,JSON,EX,EX-05,EX-05-03,,0.0,1,0,31124,0,0.8,False,True,236,1024,389,0,0,0,0,0,0,0,389,True,False,,"{""category"": true, ""version"": true, ""symptom_condition"": true, ""tier"": true, ""seats"": true, ""deadline_day"": true, ""deadline_month"": false, ""mitigations_tried"": false, ""priority"": true, ""exec_visible"": true}",,False,experiments/results/E1/raw_outputs/JSON/EX/EX-05-03.json,0
2026-08-25T02:13:10,JSON,EX,EX-05,EX-05-01,,0.0,1,0,48814,0,0.9,False,True,243,1510,389,0,0,0,0,0,0,0,389,True,False,,"{""category"": true, ""version"": true, ""symptom_condition"": true, ""tier"": true, ""seats"": true, ""deadline_day"": true, ""deadline_month"": false, ""mitigations_tried"": true, ""priority"": true, ""exec_visible"": true}",,False,experiments/results/E1/raw_outputs/JSON/EX/EX-05-01.json,0
2026-08-25T02:13:15,JSON,EX,EX-05,EX-05-02,,0.0,1,0,50145,0,0.9,False,True,241,1727,389,0,0,0,0,0,0,0,389,True,False,,"{""category"": true, ""version"": true, ""symptom_condition"": true, ""tier"": true, ""seats"": true, ""deadline_day"": true, ""deadline_month"": false, ""mitigations_tried"": true, ""priority"": true, ""exec_visible"": true}",,False,experiments/results/E1/raw_outputs/JSON/EX/EX-05-02.json,0
2026-08-25T02:13:24,JSON,EX,EX-04,EX-04-06,,0.0,1,0,17376,0,0.9375,False,True,341,809,389,0,0,0,0,0,0,0,389,True,False,,"{""ship_date"": true, ""pickup_start"": true, ""pickup_end"": true, ""cargo1_name"": true, ""cargo1_qty"": true, ""cargo1_unit"": true, ""cargo1_weight_each_kg"": true, ""cargo2_name"": true, ""cargo2_qty"": true, ""cargo2_unit"": true, ""cargo2_weight_total_kg"": true, ""handling_exclusion"": false, ""docs_deadline_date"": true, ""roll_to_date"": true, ""docs_filed_date"": true, ""condition_triggered"": true}",,False,experiments/results/E1/raw_outputs/JSON/EX/EX-04-06.json,0
2026-08-25T02:13:42,JSON,EX,EX-05,EX-05-05,,0.0,1,0,31498,0,0.9,False,True,244,985,389,0,0,0,0,0,0,0,389,True,False,,"{""category"": true, ""version"": true, ""symptom_condition"": true, ""tier"": true, ""seats"": true, ""deadline_day"": true, ""deadline_month"": false, ""mitigations_tried"": true, ""priority"": true, ""exec_visible"": true}",,False,experiments/results/E1/raw_outputs/JSON/EX/EX-05-05.json,0
2026-08-25T02:13:50,JSON,EX,EX-05,EX-05-07,,0.0,1,0,25567,0,0.9,False,True,243,907,389,0,0,0,0,0,0,0,389,True,False,,"{""category"": true, ""version"": true, ""symptom_condition"": true, ""tier"": true, ""seats"": true, ""deadline_day"": true, ""deadline_month"": false, ""mitigations_tried"": true, ""priority"": true, ""exec_visible"": true}",,False,experiments/results/E1/raw_outputs/JSON/EX/EX-05-07.json,0
2026-08-25T02:13:55,JSON,EX,EX-05,EX-05-06,,0.0,1,0,39946,0,1.0,True,True,244,1370,389,0,0,0,0,0,0,0,389,True,False,,"{""category"": true, ""version"": true, ""symptom_condition"": true, ""tier"": true, ""seats"": true, ""deadline_day"": true, ""deadline_month"": true, ""mitigations_tried"": true, ""priority"": true, ""exec_visible"": true}",,False,experiments/results/E1/raw_outputs/JSON/EX/EX-05-06.json,0
2026-08-25T02:14:39,JSON,EX,EX-05,EX-05-04,,0.0,1,0,26641,0,0.8,False,True,244,937,389,0,0,0,0,0,0,0,389,True,False,,"{""category"": false, ""version"": true, ""symptom_condition"": true, ""tier"": true, ""seats"": true, ""deadline_day"": true, ""deadline_month"": false, ""mitigations_tried"": true, ""priority"": true, ""exec_visible"": true}",,False,experiments/results/E1/raw_outputs/JSON/EX/EX-05-04.json,0
2026-08-25T02:14:55,JSON,EX,EX-05,EX-05-09,,0.0,1,0,43897,0,1.0,True,True,244,1444,389,0,0,0,0,0,0,0,389,True,False,,"{""category"": true, ""version"": true, ""symptom_condition"": true, ""tier"": true, ""seats"": true, ""deadline_day"": true, ""deadline_month"": true, ""mitigations_tried"": true, ""priority"": true, ""exec_visible"": true}",,False,experiments/results/E1/raw_outputs/JSON/EX/EX-05-09.json,0
2026-08-25T02:15:15,JSON,EX,EX-05,EX-05-08,,0.0,1,0,50813,0,0.9,False,True,241,1679,389,0,0,0,0,0,0,0,389,True,False,,"{""category"": true, ""version"": true, ""symptom_condition"": true, ""tier"": true, ""seats"": true, ""deadline_day"": true, ""deadline_month"": false, ""mitigations_tried"": true, ""priority"": true, ""exec_visible"": true}",,False,experiments/results/E1/raw_outputs/JSON/EX/EX-05-08.json,0
2026-08-25T02:17:04,CSIR-SIR,EX,EX-01,EX-01-00,,0.0,5,3,26684,140087,0.1429,False,True,225,387,295,540,318,1649,2048,3354,4096,1368,295,False,True,json:no JSON object found,"{""a1_owner"": false, ""a1_action"": false, ""a1_deadline"": false, ""a1_priority"": true, ""a2_owner"": true, ""a2_action"": false, ""a2_constraint"": false, ""a3_owner"": false, ""a3_action"": false, ""a3_deadline"": false, ""a3_priority"": false, ""guard_target"": false, ""guard_condition"": false, ""guard_type"": false}",,False,experiments/results/E1/raw_outputs/CSIR-SIR/EX/EX-01-00.json,0
2026-08-25T02:18:29,CSIR-SIR,EX,EX-01,EX-01-03,,0.0,5,3,22593,149455,0.1429,False,True,225,448,295,540,334,1647,2048,3350,4096,1368,295,False,True,json:no JSON object found,"{""a1_owner"": false, ""a1_action"": false, ""a1_deadline"": false, ""a1_priority"": true, ""a2_owner"": true, ""a2_action"": false, ""a2_constraint"": false, ""a3_owner"": false, ""a3_action"": false, ""a3_deadline"": false, ""a3_priority"": false, ""guard_target"": false, ""guard_condition"": false, ""guard_type"": false}",,False,experiments/results/E1/raw_outputs/CSIR-SIR/EX/EX-01-03.json,0
2026-08-25T02:18:33,CSIR-SIR,EX,EX-01,EX-01-02,,0.0,5,3,17955,153146,0.1429,False,True,225,229,295,540,402,1648,2048,3352,4096,1368,295,False,True,json:no JSON object found,"{""a1_owner"": false, ""a1_action"": false, ""a1_deadline"": false, ""a1_priority"": true, ""a2_owner"": true, ""a2_action"": false, ""a2_constraint"": false, ""a3_owner"": false, ""a3_action"": false, ""a3_deadline"": false, ""a3_priority"": false, ""guard_target"": false, ""guard_condition"": false, ""guard_type"": false}",,False,experiments/results/E1/raw_outputs/CSIR-SIR/EX/EX-01-02.json,0
2026-08-25T02:19:35,CSIR-SIR,EX,EX-01,EX-01-01,,0.0,5,3,15846,173344,0.1429,False,True,225,221,295,540,318,1648,2048,3352,4096,1368,295,False,True,json:no JSON object found,"{""a1_owner"": false, ""a1_action"": false, ""a1_deadline"": false, ""a1_priority"": true, ""a2_owner"": true, ""a2_action"": false, ""a2_constraint"": false, ""a3_owner"": false, ""a3_action"": false, ""a3_deadline"": false, ""a3_priority"": false, ""guard_target"": false, ""guard_condition"": false, ""guard_type"": false}",,False,experiments/results/E1/raw_outputs/CSIR-SIR/EX/EX-01-01.json,0
2026-08-25T02:20:57,CSIR-SIR,EX,EX-01,EX-01-04,,0.0,5,3,20482,147111,0.1429,False,True,225,342,295,540,357,1647,2048,3350,4096,1368,295,False,True,json:no JSON object found,"{""a1_owner"": false, ""a1_action"": false, ""a1_deadline"": false, ""a1_priority"": true, ""a2_owner"": true, ""a2_action"": false, ""a2_constraint"": false, ""a3_owner"": false, ""a3_action"": false, ""a3_deadline"": false, ""a3_priority"": false, ""guard_target"": false, ""guard_condition"": false, ""guard_type"": false}",,False,experiments/results/E1/raw_outputs/CSIR-SIR/EX/EX-01-04.json,0
2026-08-25T02:23:31,CSIR-SIR,EX,EX-01,EX-01-06,,0.0,5,3,20701,149428,0.1429,False,True,225,300,295,540,353,1646,2048,3348,4096,1368,295,False,True,json:no JSON object found,"{""a1_owner"": false, ""a1_action"": false, ""a1_deadline"": false, ""a1_priority"": true, ""a2_owner"": true, ""a2_action"": false, ""a2_constraint"": false, ""a3_owner"": false, ""a3_action"": false, ""a3_deadline"": false, ""a3_priority"": false, ""guard_target"": false, ""guard_condition"": false, ""guard_type"": false}",,False,experiments/results/E1/raw_outputs/CSIR-SIR/EX/EX-01-06.json,0
2026-08-25T02:23:32,CSIR-SIR,EX,EX-01,EX-01-05,,0.0,5,3,20811,175309,0.1429,False,True,225,357,295,540,286,1651,2048,3358,4096,1368,295,False,True,json:no JSON object found,"{""a1_owner"": false, ""a1_action"": false, ""a1_deadline"": false, ""a1_priority"": true, ""a2_owner"": true, ""a2_action"": false, ""a2_constraint"": false, ""a3_owner"": false, ""a3_action"": false, ""a3_deadline"": false, ""a3_priority"": false, ""guard_target"": false, ""guard_condition"": false, ""guard_type"": false}",,False,experiments/results/E1/raw_outputs/CSIR-SIR/EX/EX-01-05.json,0
2026-08-25T02:24:22,CSIR-SIR,EX,EX-01,EX-01-07,,0.0,5,3,31877,147655,0.1429,False,True,225,273,295,540,290,1650,2048,3356,4096,1368,295,False,True,json:no JSON object found,"{""a1_owner"": false, ""a1_action"": false, ""a1_deadline"": false, ""a1_priority"": true, ""a2_owner"": true, ""a2_action"": false, ""a2_constraint"": false, ""a3_owner"": false, ""a3_action"": false, ""a3_deadline"": false, ""a3_priority"": false, ""guard_target"": false, ""guard_condition"": false, ""guard_type"": false}",,False,experiments/results/E1/raw_outputs/CSIR-SIR/EX/EX-01-07.json,0
2026-08-25T02:25:10,CSIR-SIR,EX,EX-01,EX-01-08,,0.0,5,3,20952,166031,0.1429,False,True,225,273,295,540,407,1649,2048,3354,4096,1368,295,False,True,json:no JSON object found,"{""a1_owner"": false, ""a1_action"": false, ""a1_deadline"": false, ""a1_priority"": true, ""a2_owner"": true, ""a2_action"": false, ""a2_constraint"": false, ""a3_owner"": false, ""a3_action"": false, ""a3_deadline"": false, ""a3_priority"": false, ""guard_target"": false, ""guard_condition"": false, ""guard_type"": false}",,False,experiments/results/E1/raw_outputs/CSIR-SIR/EX/EX-01-08.json,0
2026-08-25T02:26:51,CSIR-SIR,EX,EX-01,EX-01-09,,0.0,5,3,17524,140244,0.1429,False,True,225,245,295,540,356,1649,2048,3354,4096,1368,295,False,True,json:no JSON object found,"{""a1_owner"": false, ""a1_action"": false, ""a1_deadline"": false, ""a1_priority"": true, ""a2_owner"": true, ""a2_action"": false, ""a2_constraint"": false, ""a3_owner"": false, ""a3_action"": false, ""a3_deadline"": false, ""a3_priority"": false, ""guard_target"": false, ""guard_condition"": false, ""guard_type"": false}",,False,experiments/results/E1/raw_outputs/CSIR-SIR/EX/EX-01-09.json,0
2026-08-25T02:27:11,CSIR-SIR,EX,EX-02,EX-02-00,,0.0,5,3,18040,135888,0.0769,False,True,211,166,295,526,436,1701,2048,3458,4096,1368,295,False,True,json:no JSON object found,"{""incident_id"": false, ""service"": false, ""symptom"": false, ""t_open"": false, ""blast_region"": false, ""blast_share"": false, ""rollback_deploy_id"": false, ""rollback_time"": false, ""suspected_cause"": false, ""status_page_time"": false, ""enterprise_email_required"": true, ""exception_company"": false, ""exception_notify"": false}",,False,experiments/results/E1/raw_outputs/CSIR-SIR/EX/EX-02-00.json,0
2026-08-25T02:28:25,CSIR-SIR,EX,EX-02,EX-02-01,,0.0,6,3,16798,139311,0.0,False,False,211,156,295,1052,306,1691,2048,3438,4096,1368,295,False,True,json:no JSON object found,{},parse: no JSON object found,False,experiments/results/E1/raw_outputs/CSIR-SIR/EX/EX-02-01.json,0
2026-08-25T02:29:31,CSIR-SIR,EX,EX-02,EX-02-02,,0.0,6,3,18110,134529,0.0,False,False,211,154,295,1052,382,1694,2048,3444,4096,1368,295,False,True,json:no JSON object found,{},parse: no JSON object found,False,experiments/results/E1/raw_outputs/CSIR-SIR/EX/EX-02-02.json,0
2026-08-25T02:30:00,CSIR-SIR,EX,EX-02,EX-02-04,,0.0,6,3,16747,130858,0.0,False,False,211,166,295,1052,311,1696,2048,3448,4096,1368,295,False,True,json:no JSON object found,{},parse: no JSON object found,False,experiments/results/E1/raw_outputs/CSIR-SIR/EX/EX-02-04.json,0
2026-08-25T02:31:56,CSIR-SIR,EX,EX-02,EX-02-03,,0.0,5,3,17728,132747,0.0769,False,True,211,166,295,526,374,1694,2048,3444,4096,1368,295,False,True,json:no JSON object found,"{""incident_id"": false, ""service"": false, ""symptom"": false, ""t_open"": false, ""blast_region"": false, ""blast_share"": false, ""rollback_deploy_id"": false, ""rollback_time"": false, ""suspected_cause"": false, ""status_page_time"": false, ""enterprise_email_required"": true, ""exception_company"": false, ""exception_notify"": false}",,False,experiments/results/E1/raw_outputs/CSIR-SIR/EX/EX-02-03.json,0
2026-08-25T02:32:25,CSIR-SIR,EX,EX-02,EX-02-05,,0.0,6,3,21184,132704,0.0,False,False,211,166,295,1052,504,1698,2048,3452,4096,1368,295,False,True,json:no JSON object found,{},parse: no JSON object found,False,experiments/results/E1/raw_outputs/CSIR-SIR/EX/EX-02-05.json,0
2026-08-25T02:33:15,CSIR-SIR,EX,EX-02,EX-02-07,,0.0,6,3,16476,134694,0.0,False,False,211,156,295,1052,307,1695,2048,3446,4096,1368,295,False,True,json:no JSON object found,{},parse: no JSON object found,False,experiments/results/E1/raw_outputs/CSIR-SIR/EX/EX-02-07.json,0
2026-08-25T02:33:29,CSIR-SIR,EX,EX-02,EX-02-06,,0.0,6,3,16602,135017,0.0,False,False,211,166,295,1052,319,1693,2048,3442,4096,1368,295,False,True,json:no JSON object found,{},parse: no JSON object found,False,experiments/results/E1/raw_outputs/CSIR-SIR/EX/EX-02-06.json,0
2026-08-25T02:35:23,CSIR-SIR,EX,EX-02,EX-02-09,,0.0,6,3,20092,135625,0.0769,False,True,211,154,295,1052,500,1695,2048,3446,4096,1368,295,False,True,json:no JSON object found,"{""incident_id"": false, ""service"": false, ""symptom"": false, ""t_open"": false, ""blast_region"": false, ""blast_share"": false, ""rollback_deploy_id"": false, ""rollback_time"": false, ""suspected_cause"": false, ""status_page_time"": false, ""enterprise_email_required"": true, ""exception_company"": false, ""exception_notify"": false}",,False,experiments/results/E1/raw_outputs/CSIR-SIR/EX/EX-02-09.json,0
2026-08-25T02:35:53,CSIR-SIR,EX,EX-02,EX-02-08,,0.0,6,3,19754,132350,0.0769,False,True,211,166,295,1052,474,1700,2048,3456,4096,1368,295,False,True,json:no JSON object found,"{""incident_id"": false, ""service"": false, ""symptom"": false, ""t_open"": false, ""blast_region"": false, ""blast_share"": false, ""rollback_deploy_id"": false, ""rollback_time"": false, ""suspected_cause"": false, ""status_page_time"": false, ""enterprise_email_required"": true, ""exception_company"": false, ""exception_notify"": false}",,False,experiments/results/E1/raw_outputs/CSIR-SIR/EX/EX-02-08.json,0
2026-08-25T02:36:18,CSIR-SIR,EX,EX-03,EX-03-00,,0.0,5,3,17115,144940,0.0,False,True,205,243,295,520,284,1630,2048,3316,4096,1368,295,False,True,json:no JSON object found,"{""rent_due_day"": false, ""fee_amount_usd"": false, ""fee_trigger_days"": false, ""prohibition_paint"": false, ""prohibition_sublet"": false, ""pet_weight_limit_kg"": false, ""consent_escape"": false, ""notice_hours"": false, ""notice_exception"": false}",,False,experiments/results/E1/raw_outputs/CSIR-SIR/EX/EX-03-00.json,0
2026-08-25T02:37:41,CSIR-SIR,EX,EX-03,EX-03-01,,0.0,5,3,16154,149380,0.0,False,True,205,271,295,520,257,1630,2048,3316,4096,1368,295,False,True,json:no JSON object found,"{""rent_due_day"": false, ""fee_amount_usd"": false, ""fee_trigger_days"": false, ""prohibition_paint"": false, ""prohibition_sublet"": false, ""pet_weight_limit_kg"": false, ""consent_escape"": false, ""notice_hours"": false, ""notice_exception"": false}",,False,experiments/results/E1/raw_outputs/CSIR-SIR/EX/EX-03-01.json,0
2026-08-25T02:38:45,CSIR-SIR,EX,EX-03,EX-03-03,,0.0,5,3,14036,136363,0.0,False,True,205,153,295,520,286,1630,2048,3316,4096,1368,295,False,True,json:no JSON object found,"{""rent_due_day"": false, ""fee_amount_usd"": false, ""fee_trigger_days"": false, ""prohibition_paint"": false, ""prohibition_sublet"": false, ""pet_weight_limit_kg"": false, ""consent_escape"": false, ""notice_hours"": false, ""notice_exception"": false}",,False,experiments/results/E1/raw_outputs/CSIR-SIR/EX/EX-03-03.json,0
2026-08-25T02:39:11,CSIR-SIR,EX,EX-03,EX-03-04,,0.0,5,3,15009,135480,0.0,False,True,205,214,295,520,261,1630,2048,3316,4096,1368,295,False,True,json:no JSON object found,"{""rent_due_day"": false, ""fee_amount_usd"": false, ""fee_trigger_days"": false, ""prohibition_paint"": false, ""prohibition_sublet"": false, ""pet_weight_limit_kg"": false, ""consent_escape"": false, ""notice_hours"": false, ""notice_exception"": false}",,False,experiments/results/E1/raw_outputs/CSIR-SIR/EX/EX-03-04.json,0
2026-08-25T02:40:22,CSIR-SIR,EX,EX-03,EX-03-02,,0.0,5,3,12234,158013,0.0,False,True,205,135,295,520,247,1630,2048,3316,4096,1368,295,False,True,json:no JSON object found,"{""rent_due_day"": false, ""fee_amount_usd"": false, ""fee_trigger_days"": false, ""prohibition_paint"": false, ""prohibition_sublet"": false, ""pet_weight_limit_kg"": false, ""consent_escape"": false, ""notice_hours"": false, ""notice_exception"": false}",,False,experiments/results/E1/raw_outputs/CSIR-SIR/EX/EX-03-02.json,0
2026-08-25T02:42:06,CSIR-SIR,EX,EX-03,EX-03-06,,0.0,5,3,13358,144303,0.0,False,True,205,140,295,520,315,1630,2048,3316,4096,1368,295,False,True,json:no JSON object found,"{""rent_due_day"": false, ""fee_amount_usd"": false, ""fee_trigger_days"": false, ""prohibition_paint"": false, ""prohibition_sublet"": false, ""pet_weight_limit_kg"": false, ""consent_escape"": false, ""notice_hours"": false, ""notice_exception"": false}",,False,experiments/results/E1/raw_outputs/CSIR-SIR/EX/EX-03-06.json,0
2026-08-25T02:42:19,CSIR-SIR,EX,EX-03,EX-03-05,,0.0,5,3,15173,156069,0.0,False,True,205,224,295,520,248,1630,2048,3316,4096,1368,295,False,True,json:no JSON object found,"{""rent_due_day"": false, ""fee_amount_usd"": false, ""fee_trigger_days"": false, ""prohibition_paint"": false, ""prohibition_sublet"": false, ""pet_weight_limit_kg"": false, ""consent_escape"": false, ""notice_hours"": false, ""notice_exception"": false}",,False,experiments/results/E1/raw_outputs/CSIR-SIR/EX/EX-03-05.json,0
2026-08-25T02:43:58,CSIR-SIR,EX,EX-03,EX-03-08,,0.0,5,3,14683,157501,0.0,False,True,205,265,295,520,247,1630,2048,3316,4096,1368,295,False,True,json:no JSON object found,"{""rent_due_day"": false, ""fee_amount_usd"": false, ""fee_trigger_days"": false, ""prohibition_paint"": false, ""prohibition_sublet"": false, ""pet_weight_limit_kg"": false, ""consent_escape"": false, ""notice_hours"": false, ""notice_exception"": false}",,False,experiments/results/E1/raw_outputs/CSIR-SIR/EX/EX-03-08.json,0
2026-08-25T02:44:15,CSIR-SIR,EX,EX-03,EX-03-07,,0.0,6,3,32786,141048,0.0,False,True,205,135,295,1040,571,1630,2048,3316,4096,1368,295,False,True,json:no JSON object found,"{""rent_due_day"": false, ""fee_amount_usd"": false, ""fee_trigger_days"": false, ""prohibition_paint"": false, ""prohibition_sublet"": false, ""pet_weight_limit_kg"": false, ""consent_escape"": false, ""notice_hours"": false, ""notice_exception"": false}",,False,experiments/results/E1/raw_outputs/CSIR-SIR/EX/EX-03-07.json,0
2026-08-25T02:49:13,CSIR-SIR,EX,EX-04,EX-04-00,,0.0,5,3,117915,188682,0.0625,False,True,238,224,295,553,277,1725,2048,3506,4096,1368,295,False,True,json:no JSON object found,"{""ship_date"": false, ""pickup_start"": false, ""pickup_end"": false, ""cargo1_name"": false, ""cargo1_qty"": false, ""cargo1_unit"": false, ""cargo1_weight_each_kg"": false, ""cargo2_name"": false, ""cargo2_qty"": false, ""cargo2_unit"": false, ""cargo2_weight_total_kg"": false, ""handling_exclusion"": false, ""docs_deadline_date"": false, ""roll_to_date"": false, ""docs_filed_date"": false, ""condition_triggered"": true}",,False,experiments/results/E1/raw_outputs/CSIR-SIR/EX/EX-04-00.json,0
2026-08-25T03:03:38,NL-plain,TU,TU-01,TU-01-01,,0.0,,,,,0.0,False,False,,,,,,,,,,,,,,,,"ModuleNotFoundError(""No module named 'tiktoken'"")",True,,0
2026-08-25T03:04:08,NL-plain,TU,TU-01,TU-01-01,,0.0,,,,,0.0,False,False,,,,,,,,,,,,,,,,"ModuleNotFoundError(""No module named 'tiktoken'"")",True,,1
2026-08-25T03:04:08,NL-plain,TU,TU-01,TU-01-02,,0.0,,,,,0.0,False,False,,,,,,,,,,,,,,,,"ModuleNotFoundError(""No module named 'tiktoken'"")",True,,0
2026-08-25T03:05:17,NL-plain,TU,TU-01,TU-01-02,,0.0,,,,,0.0,False,False,,,,,,,,,,,,,,,,"ModuleNotFoundError(""No module named 'tiktoken'"")",True,,1
2026-08-25T03:05:17,NL-plain,TU,TU-01,TU-01-03,,0.0,,,,,0.0,False,False,,,,,,,,,,,,,,,,"ModuleNotFoundError(""No module named 'tiktoken'"")",True,,0
2026-08-25T03:06:01,NL-plain,TU,TU-01,TU-01-03,,0.0,,,,,0.0,False,False,,,,,,,,,,,,,,,,"ModuleNotFoundError(""No module named 'tiktoken'"")",True,,1
2026-08-25T03:06:01,NL-plain,TU,TU-01,TU-01-00,,0.0,,,,,0.0,False,False,,,,,,,,,,,,,,,,"ModuleNotFoundError(""No module named 'tiktoken'"")",True,,0
2026-08-25T03:06:31,NL-plain,TU,TU-01,TU-01-00,,0.0,,,,,0.0,False,False,,,,,,,,,,,,,,,,"ModuleNotFoundError(""No module named 'tiktoken'"")",True,,1
2026-08-25T03:06:31,NL-plain,TU,TU-01,TU-01-05,,0.0,,,,,0.0,False,False,,,,,,,,,,,,,,,,"ModuleNotFoundError(""No module named 'tiktoken'"")",True,,0
2026-08-25T03:07:12,NL-plain,TU,TU-01,TU-01-05,,0.0,,,,,0.0,False,False,,,,,,,,,,,,,,,,"ModuleNotFoundError(""No module named 'tiktoken'"")",True,,1
2026-08-25T03:03:32,CSIR-SIR,EX,EX-04,EX-04-02,,0.0,,,,,0.0,False,False,,,,,,,,,,,,,,,,"ModuleNotFoundError(""No module named 'tiktoken'"")",True,,0
2026-08-25T03:04:50,CSIR-SIR,EX,EX-04,EX-04-02,,0.0,,,,,0.0,False,False,,,,,,,,,,,,,,,,"ModuleNotFoundError(""No module named 'tiktoken'"")",True,,1
2026-08-25T03:04:50,CSIR-SIR,EX,EX-04,EX-04-03,,0.0,,,,,0.0,False,False,,,,,,,,,,,,,,,,"ModuleNotFoundError(""No module named 'tiktoken'"")",True,,0
2026-08-25T03:05:53,CSIR-SIR,EX,EX-04,EX-04-03,,0.0,,,,,0.0,False,False,,,,,,,,,,,,,,,,"ModuleNotFoundError(""No module named 'tiktoken'"")",True,,1
2026-08-25T03:05:53,CSIR-SIR,EX,EX-04,EX-04-01,,0.0,,,,,0.0,False,False,,,,,,,,,,,,,,,,"ModuleNotFoundError(""No module named 'tiktoken'"")",True,,0
2026-08-25T03:06:59,CSIR-SIR,EX,EX-04,EX-04-01,,0.0,,,,,0.0,False,False,,,,,,,,,,,,,,,,"ModuleNotFoundError(""No module named 'tiktoken'"")",True,,1
2026-08-25T03:06:59,CSIR-SIR,EX,EX-04,EX-04-04,,0.0,,,,,0.0,False,False,,,,,,,,,,,,,,,,"ModuleNotFoundError(""No module named 'tiktoken'"")",True,,0
2026-08-25T03:08:08,CSIR-SIR,EX,EX-04,EX-04-04,,0.0,,,,,0.0,False,False,,,,,,,,,,,,,,,,"ModuleNotFoundError(""No module named 'tiktoken'"")",True,,1
2026-08-25T03:08:08,CSIR-SIR,EX,EX-04,EX-04-06,,0.0,,,,,0.0,False,False,,,,,,,,,,,,,,,,"ModuleNotFoundError(""No module named 'tiktoken'"")",True,,0
2026-08-25T03:08:55,CSIR-SIR,EX,EX-04,EX-04-06,,0.0,,,,,0.0,False,False,,,,,,,,,,,,,,,,"ModuleNotFoundError(""No module named 'tiktoken'"")",True,,1
2026-08-25T03:11:29,NL-plain,TU,TU-01,TU-01-03,,0.0,1,0,24623,0,1.0,True,True,261,663,85,0,0,0,0,0,0,0,85,True,False,,"{""n_calls"": 1, ""room"": true, ""date"": true, ""start"": true, ""end"": true, ""count"": true, ""proj"": true}",,False,experiments/results/E1/raw_outputs/NL-plain/TU/TU-01-03.json,0
2026-08-25T03:11:30,NL-plain,TU,TU-01,TU-01-02,,0.0,1,0,20652,0,1.0,True,True,263,601,85,0,0,0,0,0,0,0,85,True,False,,"{""n_calls"": 1, ""room"": true, ""date"": true, ""start"": true, ""end"": true, ""count"": true, ""proj"": true}",,False,experiments/results/E1/raw_outputs/NL-plain/TU/TU-01-02.json,0
2026-08-25T03:11:39,NL-plain,TU,TU-01,TU-01-00,,0.0,1,0,12727,0,1.0,True,True,264,432,85,0,0,0,0,0,0,0,85,True,False,,"{""n_calls"": 1, ""room"": true, ""date"": true, ""start"": true, ""end"": true, ""count"": true, ""proj"": true}",,False,experiments/results/E1/raw_outputs/NL-plain/TU/TU-01-00.json,0
2026-08-25T03:11:48,NL-plain,TU,TU-01,TU-01-06,,0.0,1,0,8188,0,1.0,True,True,266,353,85,0,0,0,0,0,0,0,85,True,False,,"{""n_calls"": 1, ""room"": true, ""date"": true, ""start"": true, ""end"": true, ""count"": true, ""proj"": true}",,False,experiments/results/E1/raw_outputs/NL-plain/TU/TU-01-06.json,0
2026-08-25T03:11:50,NL-plain,TU,TU-01,TU-01-05,,0.0,1,0,18961,0,1.0,True,True,261,709,85,0,0,0,0,0,0,0,85,True,False,,"{""n_calls"": 1, ""room"": true, ""date"": true, ""start"": true, ""end"": true, ""count"": true, ""proj"": true}",,False,experiments/results/E1/raw_outputs/NL-plain/TU/TU-01-05.json,0
2026-08-25T03:12:04,NL-plain,TU,TU-01,TU-01-07,,0.0,1,0,16467,0,1.0,True,True,263,619,85,0,0,0,0,0,0,0,85,True,False,,"{""n_calls"": 1, ""room"": true, ""date"": true, ""start"": true, ""end"": true, ""count"": true, ""proj"": true}",,False,experiments/results/E1/raw_outputs/NL-plain/TU/TU-01-07.json,0
2026-08-25T03:12:05,NL-plain,TU,TU-01,TU-01-08,,0.0,1,0,13839,0,1.0,True,True,264,396,85,0,0,0,0,0,0,0,85,True,False,,"{""n_calls"": 1, ""room"": true, ""date"": true, ""start"": true, ""end"": true, ""count"": true, ""proj"": true}",,False,experiments/results/E1/raw_outputs/NL-plain/TU/TU-01-08.json,0
2026-08-25T03:12:12,NL-plain,TU,TU-01,TU-01-01,,0.0,1,0,22969,0,1.0,True,True,261,839,85,0,0,0,0,0,0,0,85,True,False,,"{""n_calls"": 1, ""room"": true, ""date"": true, ""start"": true, ""end"": true, ""count"": true, ""proj"": true}",,False,experiments/results/E1/raw_outputs/NL-plain/TU/TU-01-01.json,0
2026-08-25T03:12:23,NL-plain,TU,TU-01,TU-01-09,,0.0,1,0,18667,0,1.0,True,True,261,692,85,0,0,0,0,0,0,0,85,True,False,,"{""n_calls"": 1, ""room"": true, ""date"": true, ""start"": true, ""end"": true, ""count"": true, ""proj"": true}",,False,experiments/results/E1/raw_outputs/NL-plain/TU/TU-01-09.json,0
2026-08-25T03:12:33,NL-plain,TU,TU-02,TU-02-00,,0.0,1,0,26950,0,0.0,False,True,293,1023,85,0,0,0,0,0,0,0,85,True,False,,"{""n_calls"": 0, ""why"": ""missing call""}",,False,experiments/results/E1/raw_outputs/NL-plain/TU/TU-02-00.json,0
2026-08-25T03:12:39,NL-plain,TU,TU-01,TU-01-04,,0.0,1,0,25014,0,1.0,True,True,263,855,85,0,0,0,0,0,0,0,85,True,False,,"{""n_calls"": 1, ""room"": true, ""date"": true, ""start"": true, ""end"": true, ""count"": true, ""proj"": true}",,False,experiments/results/E1/raw_outputs/NL-plain/TU/TU-01-04.json,0
2026-08-25T03:13:04,NL-plain,TU,TU-02,TU-02-02,,0.0,1,0,40692,0,0.0,False,True,294,1212,85,0,0,0,0,0,0,0,85,True,False,,"{""n_calls"": 1, ""why"": ""missing call""}",,False,experiments/results/E1/raw_outputs/NL-plain/TU/TU-02-02.json,0
2026-08-25T03:13:08,NL-plain,TU,TU-02,TU-02-04,,0.0,1,0,28793,0,0.0,False,True,291,1150,85,0,0,0,0,0,0,0,85,True,False,,"{""n_calls"": 1, ""why"": ""missing call""}",,False,experiments/results/E1/raw_outputs/NL-plain/TU/TU-02-04.json,0
2026-08-25T03:13:29,NL-plain,TU,TU-02,TU-02-01,,0.0,1,0,34017,0,0.0,False,True,292,1368,85,0,0,0,0,0,0,0,85,True,False,,"{""n_calls"": 0, ""why"": ""missing call""}",,False,experiments/results/E1/raw_outputs/NL-plain/TU/TU-02-01.json,0
2026-08-25T03:13:43,NL-plain,TU,TU-02,TU-02-03,,0.0,1,0,28389,0,0.0,False,True,292,1123,85,0,0,0,0,0,0,0,85,True,False,,"{""n_calls"": 0, ""why"": ""missing call""}",,False,experiments/results/E1/raw_outputs/NL-plain/TU/TU-02-03.json,0
2026-08-25T03:13:55,NL-plain,TU,TU-02,TU-02-07,,0.0,1,0,24546,0,0.0,False,True,292,988,85,0,0,0,0,0,0,0,85,True,False,,"{""n_calls"": 2, ""why"": ""missing call""}",,False,experiments/results/E1/raw_outputs/NL-plain/TU/TU-02-07.json,0
2026-08-25T03:14:12,NL-plain,TU,TU-02,TU-02-08,,0.0,1,0,28830,0,0.0,False,True,292,1111,85,0,0,0,0,0,0,0,85,True,False,,"{""n_calls"": 1, ""why"": ""missing call""}",,False,experiments/results/E1/raw_outputs/NL-plain/TU/TU-02-08.json,0
2026-08-25T03:14:49,NL-plain,TU,TU-02,TU-02-09,,0.0,1,0,33455,0,0.0,False,True,293,1250,85,0,0,0,0,0,0,0,85,True,False,,"{""n_calls"": 0, ""why"": ""missing call""}",,False,experiments/results/E1/raw_outputs/NL-plain/TU/TU-02-09.json,0
2026-08-25T03:15:15,NL-plain,TU,TU-02,TU-02-05,,0.0,1,0,26713,0,0.0,False,True,291,998,85,0,0,0,0,0,0,0,85,True,False,,"{""n_calls"": 1, ""why"": ""missing call""}",,False,experiments/results/E1/raw_outputs/NL-plain/TU/TU-02-05.json,0
2026-08-25T03:15:39,NL-plain,TU,TU-02,TU-02-06,,0.0,1,0,25696,0,0.0,False,True,293,1078,85,0,0,0,0,0,0,0,85,True,False,,"{""n_calls"": 0, ""why"": ""missing call""}",,False,experiments/results/E1/raw_outputs/NL-plain/TU/TU-02-06.json,0
2026-08-25T03:15:40,NL-plain,TU,TU-03,TU-03-01,,0.0,1,0,50465,0,1.0,True,True,269,1561,85,0,0,0,0,0,0,0,85,True,False,,"{""n_calls"": 7, ""asked"": true, ""recip"": true, ""content"": true}",,False,experiments/results/E1/raw_outputs/NL-plain/TU/TU-03-01.json,0
2026-08-25T03:16:07,NL-plain,TU,TU-03,TU-03-04,,0.0,1,0,26576,0,1.0,True,True,269,849,85,0,0,0,0,0,0,0,85,True,False,,"{""n_calls"": 4, ""asked"": true, ""recip"": true, ""content"": true}",,False,experiments/results/E1/raw_outputs/NL-plain/TU/TU-03-04.json,0
2026-08-25T03:16:19,NL-plain,TU,TU-03,TU-03-02,,0.0,1,0,41926,0,1.0,True,True,270,1291,85,0,0,0,0,0,0,0,85,True,False,,"{""n_calls"": 6, ""asked"": true, ""recip"": true, ""content"": true}",,False,experiments/results/E1/raw_outputs/NL-plain/TU/TU-03-02.json,0
2026-08-25T03:16:24,NL-plain,TU,TU-03,TU-03-00,,0.0,1,0,27469,0,1.0,True,True,269,893,85,0,0,0,0,0,0,0,85,True,False,,"{""n_calls"": 4, ""asked"": true, ""recip"": true, ""content"": true}",,False,experiments/results/E1/raw_outputs/NL-plain/TU/TU-03-00.json,0
2026-08-25T03:16:39,NL-plain,TU,TU-03,TU-03-03,,0.0,1,0,60690,0,1.0,True,True,271,2048,85,0,0,0,0,0,0,0,85,True,False,,"{""n_calls"": 6, ""asked"": true, ""recip"": true, ""content"": true}",,False,experiments/results/E1/raw_outputs/NL-plain/TU/TU-03-03.json,0
2026-08-25T03:17:13,NL-plain,TU,TU-03,TU-03-07,,0.0,1,0,48988,0,1.0,True,True,271,1624,85,0,0,0,0,0,0,0,85,True,False,,"{""n_calls"": 11, ""asked"": true, ""recip"": true, ""content"": true}",,False,experiments/results/E1/raw_outputs/NL-plain/TU/TU-03-07.json,0
2026-08-25T03:17:15,NL-plain,TU,TU-03,TU-03-06,,0.0,1,0,55568,0,1.0,True,True,270,1779,85,0,0,0,0,0,0,0,85,True,False,,"{""n_calls"": 7, ""asked"": true, ""recip"": true, ""content"": true}",,False,experiments/results/E1/raw_outputs/NL-plain/TU/TU-03-06.json,0
2026-08-25T03:17:44,NL-plain,TU,TU-03,TU-03-08,,0.0,1,0,64625,0,1.0,True,True,269,2048,85,0,0,0,0,0,0,0,85,True,False,,"{""n_calls"": 3, ""asked"": true, ""recip"": true, ""content"": true}",,False,experiments/results/E1/raw_outputs/NL-plain/TU/TU-03-08.json,0
2026-08-25T03:18:21,NL-plain,TU,TU-04,TU-04-00,,0.0,1,0,66431,0,1.0,True,True,269,2048,85,0,0,0,0,0,0,0,85,True,False,,"{""n_calls"": 1, ""cancel_ok"": true, ""gap_signal"": true, ""hallucination"": false}",,False,experiments/results/E1/raw_outputs/NL-plain/TU/TU-04-00.json,0
2026-08-25T03:18:27,NL-plain,TU,TU-03,TU-03-05,,0.0,1,0,56467,0,1.0,True,True,269,1793,85,0,0,0,0,0,0,0,85,True,False,,"{""n_calls"": 4, ""asked"": true, ""recip"": true, ""content"": true}",,False,experiments/results/E1/raw_outputs/NL-plain/TU/TU-03-05.json,0
